region,sample_index,longitude,latitude,observed_soc_gkg,seed_0_soc_gkg,seed_1_soc_gkg,seed_2_soc_gkg,seed_3_soc_gkg,seed_4_soc_gkg,mean_soc_gkg,model_std_gkg,low_confidence,any_seed_negative,ensemble_mean_negative
North America,15,-88.52443977418807,30.48962942036488,48.29999923706055,9.819221496582031,1.0137557983398438,54.433570861816406,15.689529418945312,24.4949951171875,21.090213775634766,20.509990692138672,False,False,False
North America,23,-108.26742628596206,45.846911835694314,14.399999618530273,13.928436279296875,10.40625,32.71342468261719,27.430145263671875,13.341407775878906,19.563932418823242,9.863166809082031,False,False,False
North America,24,-111.60155426838607,35.59918307851603,12.899999618530273,3.36187744140625,-0.7473373413085938,6.884063720703125,12.167343139648438,-0.7473373413085938,4.183722019195557,5.48489236831665,False,True,False
North America,26,-117.16566607271695,40.102707518106044,7.400000095367432,22.146873474121094,31.53936767578125,18.03765106201172,16.86359405517578,10.40625,19.798748016357422,7.798901081085205,False,False,False
North America,36,-122.43004211355408,52.829982942302614,406.0,66.76122283935547,18.03765106201172,82.90457153320312,108.44042205810547,129.28001403808594,81.08477783203125,42.58675765991211,True,False,False
North America,59,-120.22014928603213,37.97493217631056,17.799999237060547,12.754371643066406,28.017181396484375,33.887489318847656,17.45062255859375,21.559837341308594,22.73390007019043,8.384480476379395,False,False,False
North America,71,-124.620058335623,54.03000856659012,13.0,232.303955078125,155.84317016601562,124.82225036621094,229.95582580566406,43.86701202392578,157.35842895507812,78.78517150878906,True,False,False
North America,77,-113.59076731294529,32.83590775854023,0.6000000238418579,-0.7473373413085938,3.94891357421875,1.0137557983398438,2.1878204345703125,3.36187744140625,1.9530060291290283,1.8839949369430542,False,True,False
North America,87,-115.5855937185853,45.83780994028811,28.600000381469727,305.0957946777344,265.17767333984375,143.8090362548828,228.19473266601562,183.286865234375,225.11282348632812,63.97593688964844,True,False,False
North America,110,-70.97469971136769,43.86109141092093,15.5,213.51895141601562,276.9183044433594,298.0514221191406,174.18788146972656,355.5804443359375,263.6513977050781,71.28692626953125,True,False,False
North America,115,-79.1766419175652,39.786398028057235,341.79998779296875,158.48480224609375,242.87051391601562,131.9950408935547,170.6656951904297,383.7579345703125,217.55477905273438,101.57840728759766,True,False,False
North America,129,-92.3767254805412,36.51092012734878,23.0,12.167343139648438,39.17076873779297,22.146873474121094,17.45062255859375,31.53936767578125,24.4949951171875,10.864039421081543,False,False,False
North America,166,-110.50941066596899,31.4974659442641,13.100000381469727,2.1878204345703125,16.27655792236328,30.95233154296875,40.931861877441406,5.1229705810546875,19.094308853149414,16.631736755371094,False,False,False
North America,167,-120.58619279733314,38.02816355185372,44.29999923706055,20.385780334472656,21.559837341308594,38.583740234375,20.972808837890625,29.191238403320312,26.138681411743164,7.825367450714111,False,False,False
North America,173,-106.01253417203613,38.90111033285206,40.400001525878906,33.887489318847656,21.559837341308594,20.972808837890625,36.82264709472656,11.580314636230469,24.964618682861328,10.330744743347168,False,False,False
North America,183,-119.1299394168658,54.970012784756804,71.69999694824219,124.2260513305664,88.04109191894531,22.733901977539062,93.03085327148438,105.21174621582031,86.64872741699219,38.35497283935547,False,False,False
North America,205,-92.39931691756775,40.37857607867738,62.0,43.86701202392578,44.45404815673828,48.563262939453125,43.86701202392578,69.10934448242188,49.972137451171875,10.876718521118164,False,False,False
North America,230,-86.03874068116612,38.97264201474355,44.20000076293945,21.559837341308594,32.12639617919922,18.03765106201172,18.62468719482422,57.07521057128906,29.484756469726562,16.431625366210938,False,False,False
North America,248,-87.87719710599279,40.5169882006009,48.599998474121094,26.843116760253906,23.90796661376953,28.017181396484375,37.40967559814453,35.061553955078125,30.247900009155273,5.727689266204834,False,False,False
North America,255,-90.87526368938364,44.75301416661684,40.29999923706055,38.583740234375,40.344825744628906,108.5137939453125,58.8363037109375,57.95575714111328,60.84688186645508,28.286558151245117,False,False,False
North America,261,-113.12227150004682,37.198928043679416,4.5,3.94891357421875,2.7748489379882812,8.645156860351562,12.167343139648438,15.102500915527344,8.527752876281738,5.2571234703063965,False,False,False
North America,307,-108.50810062149174,32.197317162843454,14.600000381469727,-7.204673767089844,3.94891357421875,-2.5084304809570312,-6.030616760253906,6.884063720703125,-0.9821487665176392,6.179180145263672,False,True,True
North America,318,-118.69155134680454,38.4482832996986,8.199999809265137,1.6007843017578125,14.515464782714844,6.884063720703125,6.884063720703125,-4.8565521240234375,5.0055646896362305,7.182436466217041,False,True,False
North America,327,-122.80941316833952,40.66304124908545,43.900001525878906,89.94894409179688,92.00355529785156,71.75098419189453,105.79878234863281,88.62812805175781,89.6260757446289,12.122580528259277,False,False,False
North America,359,-89.10865403001311,45.61390744604652,9.100000381469727,263.4165954589844,177.41656494140625,33.30046081542969,200.60427856445312,252.26300048828125,185.40017700195312,92.17704010009766,True,False,False
North America,366,-92.65884246681043,49.50470655357662,341.79998779296875,315.662353515625,318.0104675292969,309.7920227050781,265.17767333984375,376.71356201171875,317.07122802734375,39.70517349243164,False,False,False
North America,387,-112.00308393606161,34.67968510431271,14.600000381469727,0.426727294921875,3.94891357421875,3.94891357421875,5.1229705810546875,4.535942077636719,3.596693515777588,1.8376964330673218,False,False,False
North America,397,-112.62468991362809,32.965014071324944,2.4000000953674316,-5.4435882568359375,8.058128356933594,9.819221496582031,-3.6824951171875,-5.4435882568359375,0.6615356206893921,7.615583896636963,False,True,False
North America,406,-119.72521746737796,39.978241386108,64.4000015258789,16.86359405517578,37.9967041015625,32.71342468261719,43.86701202392578,23.90796661376953,31.069738388061523,10.81157112121582,False,False,False
North America,407,-113.5174105501075,32.84038130992248,0.20000000298023224,-1.3343658447265625,0.426727294921875,-3.095458984375,-7.791709899902344,2.1878204345703125,-1.9213974475860596,3.8269753456115723,False,True,True
North America,425,-108.91500307056181,36.40608309310889,5.300000190734863,8.058128356933594,9.819221496582031,3.36187744140625,4.535942077636719,-0.160308837890625,5.122972011566162,3.937925338745117,False,True,False
North America,455,-113.4696221972481,32.98506576888136,1.100000023841858,-8.965766906738281,8.645156860351562,2.1878204345703125,1.0137557983398438,-1.3343658447265625,0.3093200623989105,6.368675708770752,False,True,False
North America,461,-94.93227435162822,49.6455370378443,234.39999389648438,255.78518676757812,219.38926696777344,188.86366271972656,269.2868957519531,204.7135009765625,227.60769653320312,33.99968338012695,False,False,False
North America,464,-116.06509376381493,38.056622884170196,2.5,-3.6824951171875,9.819221496582031,1.6007843017578125,9.232185363769531,2.1878204345703125,3.831503391265869,5.682387351989746,False,True,False
North America,472,-109.45028359375954,31.960265772968107,11.199999809265137,1.0137557983398438,4.535942077636719,12.167343139648438,13.341407775878906,15.689529418945312,9.34959602355957,6.259522914886475,False,False,False
North America,481,-114.30000830825945,35.05999111880779,12.5,-0.160308837890625,-0.160308837890625,-2.5084304809570312,2.7748489379882812,8.058128356933594,1.6007858514785767,4.067070960998535,False,True,False
North America,515,-119.39458779282846,39.9315800022919,2.0999999046325684,-0.7473373413085938,-3.095458984375,-0.7473373413085938,0.426727294921875,-7.791709899902344,-2.3910231590270996,3.278977394104004,False,True,True
North America,519,-85.79212082995465,38.948362925619485,25.799999237060547,66.1741943359375,84.37214660644531,107.266357421875,39.17076873779297,76.74075317382812,74.74484252929688,24.966419219970703,False,False,False
North America,535,-117.39888584543196,40.915018872346124,8.800000190734863,3.36187744140625,2.7748489379882812,10.993278503417969,11.580314636230469,2.7748489379882812,6.297033786773682,4.566029071807861,False,False,False
North America,556,-109.52893279733043,44.70308249887899,560.5,192.67935180664062,254.02410888671875,207.06161499023438,106.01891326904297,69.10934448242188,165.77865600585938,76.04500579833984,True,False,False
North America,559,-111.5514556094002,38.80867679540999,38.29999923706055,25.08202362060547,28.017181396484375,28.017181396484375,19.211715698242188,28.604209899902344,25.786462783813477,3.9247751235961914,False,False,False
North America,603,-80.76889099019989,38.722786662075556,136.8000030517578,66.1741943359375,32.71342468261719,80.262939453125,47.09568786621094,77.91481018066406,60.83221435546875,20.477203369140625,False,False,False
North America,613,-122.72584974989337,40.64422494115988,17.0,102.71686553955078,92.88410186767578,27.430145263671875,128.54623413085938,123.22626495361328,94.9607162475586,40.47152328491211,False,False,False
North America,622,-91.88750041760993,32.904151545873574,30.799999237060547,-5.4435882568359375,0.426727294921875,18.03765106201172,26.843116760253906,14.515464782714844,10.875874519348145,13.181427001953125,False,True,False
North America,625,-81.99900964347107,29.692860430534765,7.900000095367432,66.1741943359375,37.9967041015625,45.62810516357422,69.69638061523438,66.76122283935547,57.25132369995117,14.411582946777344,False,False,False
North America,651,-110.26421349784067,41.90166484917181,6.599999904632568,14.515464782714844,26.843116760253906,5.7100067138671875,12.167343139648438,-0.7473373413085938,11.697718620300293,10.347408294677734,False,True,False
North America,654,-114.14167205981161,41.124625000121206,13.899999618530273,9.819221496582031,2.1878204345703125,15.689529418945312,11.580314636230469,1.0137557983398438,8.058128356933594,6.281505107879639,False,False,False
North America,657,-106.21273604988284,38.874421831983376,17.299999237060547,117.30091857910156,77.32777404785156,63.53255081176758,108.29366302490234,77.91481018066406,88.87394714355469,22.80801010131836,False,False,False
North America,666,-116.36394220220278,38.36044677878287,4.400000095367432,4.535942077636719,30.95233154296875,10.993278503417969,0.426727294921875,4.535942077636719,10.288844108581543,12.154516220092773,False,False,False
North America,672,-86.98052759542821,39.2583790285152,44.20000076293945,46.80216979980469,56.488182067871094,35.061553955078125,18.03765106201172,62.06497573852539,43.6909065246582,17.6324405670166,False,False,False
North America,727,-104.59004385366414,54.35996318820589,139.0,249.91488647460938,300.3995361328125,228.78176879882812,318.0104675292969,196.78857421875,258.779052734375,50.15439987182617,True,False,False
North America,730,-88.65283502728144,45.49581313094356,106.0999984741211,200.01724243164062,108.44042205810547,23.32093048095703,175.948974609375,299.2254638671875,161.39059448242188,103.16172790527344,True,False,False
North America,737,-93.91251880699444,51.15277417762582,300.8999938964844,310.9660949707031,190.91827392578125,233.47801208496094,273.3961181640625,305.0957946777344,262.7708435058594,50.61606216430664,True,False,False
North America,749,-79.69634458443082,38.97977164660515,564.9000244140625,216.45411682128906,259.307373046875,223.49847412109375,122.666748046875,424.85009765625,249.35537719726562,110.33870697021484,True,False,False
North America,761,-87.03527016315853,39.32694828834655,44.20000076293945,18.03765106201172,35.648582458496094,15.102500915527344,15.102500915527344,32.12639617919922,23.20352554321289,9.90500545501709,False,False,False
North America,767,-72.59996660541952,42.99585818550979,45.900001525878906,257.5462646484375,369.669189453125,209.99676513671875,144.6895751953125,471.8125915527344,290.74285888671875,130.3544464111328,True,False,False
North America,789,-91.65748877735463,36.41079196040597,37.0,26.843116760253906,25.08202362060547,23.90796661376953,34.474517822265625,30.36530303955078,28.134586334228516,4.301778316497803,False,False,False
North America,790,-106.7916489589797,36.827821095363944,39.79999923706055,32.71342468261719,23.90796661376953,39.17076873779297,66.76122283935547,24.4949951171875,37.40967559814453,17.576650619506836,False,False,False
North America,819,-116.96939761060669,38.45832892483946,3.5,10.40625,19.211715698242188,2.1878204345703125,3.94891357421875,-7.791709899902344,5.592597961425781,10.02603530883789,False,True,False
North America,820,-85.72578807695525,38.80528261349137,46.900001525878906,42.692955017089844,66.1741943359375,37.9967041015625,22.146873474121094,64.41310119628906,46.68476867675781,18.625633239746094,False,False,False
North America,828,-79.36914149356735,38.95114774144863,419.1000061035156,169.49163818359375,339.1435852050781,242.28347778320312,160.09915161132812,460.07196044921875,274.21795654296875,126.26119995117188,True,False,False
North America,834,-105.06993120318164,54.58001693583871,268.1000061035156,285.1367492675781,343.83984375,280.44049072265625,322.70672607421875,336.79547119140625,313.7838439941406,29.346853256225586,False,False,False
North America,841,-109.8822507791781,35.527249275302694,4.699999809265137,8.645156860351562,6.884063720703125,6.884063720703125,8.645156860351562,10.993278503417969,8.410344123840332,1.6912190914154053,False,False,False
North America,843,-109.8488764740389,38.82809714858155,7.400000095367432,9.819221496582031,7.471099853515625,-3.095458984375,8.645156860351562,0.426727294921875,4.65334939956665,5.667204856872559,False,True,False
North America,856,-112.61666152371356,32.95303285675276,1.2999999523162842,-3.6824951171875,9.232185363769531,10.40625,0.426727294921875,-1.9214019775390625,2.8922531604766846,6.5025434494018555,False,True,False
North America,859,-108.67412150595908,36.159716329050546,11.699999809265137,12.167343139648438,5.1229705810546875,-2.5084304809570312,5.7100067138671875,6.297035217285156,5.357785224914551,5.227542877197266,False,True,False
North America,865,-95.93979778379996,36.84590023792353,2.0,25.08202362060547,34.474517822265625,33.30046081542969,16.27655792236328,18.03765106201172,25.434242248535156,8.400904655456543,False,False,False
North America,874,-109.65200343664418,37.47003434846756,11.699999809265137,3.36187744140625,17.45062255859375,14.515464782714844,8.645156860351562,19.798744201660156,12.754373550415039,6.706042289733887,False,False,False
North America,898,-118.66363345114014,40.26024457708977,11.699999809265137,-4.8565521240234375,-1.9214019775390625,7.471099853515625,-0.7473373413085938,10.40625,2.0704116821289062,6.528987884521484,False,True,False
North America,901,-82.27332605934849,35.7541664718801,779.0,123.19874572753906,158.48480224609375,299.2254638671875,162.74078369140625,195.61451721191406,187.8528594970703,67.3375015258789,True,False,False
North America,908,-75.18609225172324,40.620797342023195,103.80000305175781,80.55644989013672,122.85936737060547,93.03085327148438,97.14007568359375,85.39945983886719,95.7972412109375,16.448482513427734,False,False,False
North America,947,-88.36418401489945,45.69530831063839,69.9000015258789,2.1878204345703125,11.580314636230469,40.344825744628906,87.74757385253906,22.146873474121094,32.801483154296875,33.826873779296875,False,False,False
North America,987,-79.42939934593379,38.99198180824963,431.79998779296875,208.8227081298828,276.9183044433594,321.53265380859375,190.0377197265625,417.80572509765625,283.0234375,91.9763412475586,True,False,False
North America,1004,-120.80829643556312,38.3607877218685,22.100000381469727,12.754371643066406,39.17076873779297,32.12639617919922,56.78169250488281,32.12639617919922,34.59192657470703,15.830255508422852,False,False,False
North America,1015,-110.1888787583543,37.48503504159823,0.20000000298023224,3.36187744140625,5.7100067138671875,2.1878204345703125,9.819221496582031,12.754371643066406,6.766659736633301,4.439754009246826,False,False,False
North America,1053,-88.32441079904557,45.756982058124954,45.20000076293945,62.94552230834961,55.901145935058594,198.8431854248047,62.358489990234375,64.11958312988281,88.83358001708984,61.58035659790039,True,False,False
North America,1061,-113.54184657798845,32.83204235478664,0.6000000238418579,-6.617652893066406,5.1229705810546875,-7.204673767089844,-7.204673767089844,2.7748489379882812,-2.625836133956909,6.063776016235352,False,True,True
North America,1111,-85.44880477605896,43.988633627357736,67.0,152.46774291992188,26.256088256835938,-11.900932312011719,92.59058380126953,19.798744201660156,55.842445373535156,66.05024719238281,True,True,False
North America,1132,-102.04781462352167,48.42581191270315,77.5,67.64176940917969,47.976234436035156,24.4949951171875,102.71686553955078,78.50184631347656,64.26634216308594,29.747325897216797,False,False,False
North America,1141,-92.64837822864041,40.07841675635454,57.0,58.542789459228516,77.91481018066406,91.85679626464844,45.62810516357422,96.69979858398438,74.12846374511719,21.75591278076172,False,False,False
North America,1145,-151.50227448114302,61.08276045594525,71.4000015258789,146.7441864013672,275.7442321777344,312.1401672363281,198.8431854248047,282.7886047363281,243.2520751953125,68.2831802368164,True,False,False
North America,1150,-110.66005333241486,53.799968188256145,126.0,232.303955078125,210.58380126953125,43.86701202392578,155.54965209960938,180.64523315429688,164.58993530273438,73.50875854492188,True,False,False
North America,1208,-92.38608671094885,49.59029097737189,427.3999938964844,258.7203369140625,312.1401672363281,252.26300048828125,223.49847412109375,316.8363952636719,272.6916809082031,40.42721939086914,False,False,False
North America,1226,-103.16105905826761,29.761366867745327,4.199999809265137,11.580314636230469,29.778274536132812,5.1229705810546875,25.08202362060547,5.7100067138671875,15.454717636108398,11.342009544372559,False,False,False
North America,1230,-125.73006130562747,54.27996264456663,562.7000122070312,157.8977813720703,19.211715698242188,52.96599578857422,145.57012939453125,-23.05451202392578,70.51822662353516,79.00042724609375,True,True,False
North America,1239,-116.6499740582803,60.74997677583927,300.0,137.64520263671875,253.43707275390625,204.7135009765625,200.01724243164062,218.80224609375,202.9230499267578,42.06145095825195,False,False,False
North America,1300,-86.15738306264892,30.523431129398617,10.199999809265137,-4.269523620605469,23.90796661376953,56.488182067871094,25.669052124023438,4.535942077636719,21.26632308959961,23.44635772705078,False,True,False
North America,1312,-94.3806807384772,35.822220516268096,32.599998474121094,44.45404815673828,48.856781005859375,62.358489990234375,41.518890380859375,50.03083801269531,49.443809509277344,7.987180709838867,False,False,False
North America,1330,-87.50062877357583,36.92130895397381,96.5999984741211,40.344825744628906,43.86701202392578,44.45404815673828,57.36872863769531,52.08544921875,47.62401580810547,6.928459167480469,False,False,False
North America,1333,-122.37997986029151,52.53000353106629,406.0,215.28005981445312,244.631591796875,250.50192260742188,254.61111450195312,348.53607177734375,262.712158203125,50.39139938354492,True,False,False
North America,1338,-93.99577154742651,51.12781509788597,382.8999938964844,327.4029541015625,251.08892822265625,287.48486328125,347.3620300292969,249.91488647460938,292.6507263183594,44.10630798339844,True,False,False
North America,1350,-113.95251771695574,37.30226421332733,8.100000381469727,2.1878204345703125,13.341407775878906,2.1878204345703125,6.297035217285156,8.058128356933594,6.414442539215088,4.648306369781494,False,False,False
North America,1370,-124.50003238042761,54.11997304750895,12.199999809265137,210.58380126953125,101.68955993652344,130.4907684326172,171.2527313232422,146.45066833496094,152.09352111816406,41.31364059448242,False,False,False
North America,1374,-95.25969560173016,38.073310034515906,16.0,30.36530303955078,31.53936767578125,14.515464782714844,19.211715698242188,19.211715698242188,22.968713760375977,7.547402858734131,False,False,False
North America,1394,-106.12220719185821,34.81137984012609,9.300000190734863,5.7100067138671875,-4.269523620605469,-0.7473373413085938,6.884063720703125,-2.5084304809570312,1.0137557983398438,4.99838924407959,False,True,False
North America,1422,-121.83545348144654,45.67492578090054,285.0,38.583740234375,153.78855895996094,155.98992919921875,196.2015380859375,129.6102294921875,134.83480834960938,58.87321853637695,True,False,False
North America,1424,-110.12883653196945,38.71301078716052,1.25,12.167343139648438,33.30046081542969,13.928436279296875,30.36530303955078,12.167343139648438,20.38577651977539,10.525712966918945,False,False,False
North America,1449,-110.32025595829917,35.78504216165713,5.900000095367432,16.27655792236328,4.535942077636719,10.40625,9.232185363769531,-0.7473373413085938,7.9407196044921875,6.409129619598389,False,True,False
North America,1466,-88.27465767772878,45.712183916043756,14.600000381469727,45.62810516357422,30.95233154296875,10.40625,80.262939453125,112.73308563232422,55.996543884277344,40.68502426147461,False,False,False
North America,1470,-92.55640663793693,38.125386643506296,32.0,52.96599578857422,29.191238403320312,48.563262939453125,43.86701202392578,42.105918884277344,43.33868408203125,8.971210479736328,False,False,False
North America,1475,-77.48255273104485,41.54169588643823,379.0,101.83631896972656,265.76470947265625,120.63965606689453,148.945556640625,231.7169189453125,173.78062438964844,71.47449493408203,True,False,False
North America,1483,-85.89130945107418,38.54996321320066,36.29999923706055,44.45404815673828,54.14006042480469,53.84654235839844,47.976234436035156,76.15371704101562,55.314117431640625,12.345107078552246,False,False,False
North America,1535,-120.30247572756709,39.729996616497445,104.0,94.64518737792969,56.194664001464844,14.515464782714844,173.60086059570312,58.249271392822266,79.44108581542969,59.795597076416016,True,False,False
North America,1561,-108.67159504267848,28.033138555528634,49.0,8.058128356933594,30.95233154296875,46.80216979980469,9.819221496582031,0.426727294921875,19.211715698242188,19.13486671447754,False,False,False
North America,1585,-119.85386100695592,40.7355164565416,8.800000190734863,5.7100067138671875,9.232185363769531,10.993278503417969,22.733901977539062,8.058128356933594,11.345499992370605,6.649275302886963,False,False,False
North America,1593,-92.10246447283053,38.16975018427478,27.0,49.737327575683594,41.518890380859375,55.314117431640625,39.75779724121094,37.9967041015625,44.864967346191406,7.371856689453125,False,False,False
North America,1617,-79.91666445926654,39.683314167160695,56.0,152.76126098632812,100.5155029296875,95.37898254394531,189.45068359375,167.7305450439453,141.16738891601562,41.59461975097656,False,False,False
North America,1626,-103.78180307485148,27.40767772543241,56.0,6.884063720703125,18.03765106201172,-1.3343658447265625,20.385780334472656,16.27655792236328,12.04993724822998,9.069580078125,False,True,False
North America,1658,-121.03249710196454,38.398647644033936,37.900001525878906,18.03765106201172,39.75779724121094,27.430145263671875,23.90796661376953,20.972808837890625,26.02127456665039,8.431611061096191,False,False,False
North America,1673,-119.450055152886,55.869955839939045,321.0,110.935302734375,138.8926544189453,132.94895935058594,121.3459243774414,53.25951385498047,111.4764633178711,34.27691650390625,False,False,False
North America,1685,-96.46719858765248,35.60939756147355,4.199999809265137,26.843116760253906,32.71342468261719,52.08544921875,47.389198303222656,4.535942077636719,32.71342849731445,18.835371017456055,False,False,False
North America,1691,-92.62958521639982,39.996820301458285,41.0,63.53255081176758,73.80558776855469,102.12983703613281,43.86701202392578,80.262939453125,72.71958923339844,21.447126388549805,False,False,False
North America,1706,-122.68001418116181,53.95003529605626,406.0,130.38070678710938,115.96175384521484,28.604209899902344,139.11279296875,86.13323974609375,100.03854370117188,44.71356964111328,True,False,False
North America,1720,-145.34175378472014,61.94998929981828,27.799999237060547,252.85003662109375,321.53265380859375,173.60086059570312,300.3995361328125,273.3961181640625,264.3558349609375,57.05022430419922,True,False,False
North America,1728,-92.65196611459191,40.11086224682567,9.0,48.856781005859375,36.82264709472656,46.21514129638672,46.21514129638672,41.518890380859375,43.92572021484375,4.770868301391602,False,False,False
North America,1756,-111.94440308059613,40.84671195893151,6.5,12.167343139648438,11.580314636230469,15.102500915527344,32.71342468261719,-2.5084304809570312,13.811030387878418,12.57945728302002,False,True,False
North America,1829,-74.91801559214538,40.56641447640915,539.9000244140625,67.64176940917969,105.431884765625,36.23561096191406,53.55302429199219,95.96601104736328,71.76566314697266,28.85378074645996,False,False,False
North America,1832,-105.06197756562602,39.22114879909991,88.5999984741211,292.18109130859375,103.89093017578125,173.30734252929688,119.55731964111328,138.5257568359375,165.49249267578125,75.4040298461914,True,False,False
North America,1838,-112.61362277792657,33.00357822009179,0.800000011920929,3.94891357421875,16.27655792236328,1.6007843017578125,8.645156860351562,2.7748489379882812,6.649252414703369,6.009544849395752,False,False,False
North America,1888,-112.57699695737529,39.6858575571618,10.600000381469727,2.7748489379882812,19.798744201660156,5.7100067138671875,4.535942077636719,-0.160308837890625,6.531846523284912,7.739017486572266,False,True,False
North America,1890,-74.96774016171658,39.59222251813982,23.600000381469727,94.35167694091797,104.40457916259766,101.39604949951172,143.51551818847656,188.5701446533203,126.44759368896484,39.66783142089844,False,False,False
North America,1907,-109.70913075432874,37.376664882827676,3.5999999046325684,20.972808837890625,18.03765106201172,13.341407775878906,19.798744201660156,23.90796661376953,19.211715698242188,3.915985345840454,False,False,False
North America,1915,-110.53642568954186,31.335793143605596,17.5,0.426727294921875,5.7100067138671875,12.167343139648438,16.27655792236328,12.167343139648438,9.34959602355957,6.259520530700684,False,False,False
North America,1924,-114.14504808922378,41.13740795985934,9.199999809265137,8.645156860351562,13.341407775878906,5.7100067138671875,-8.378746032714844,-13.662010192871094,1.1311630010604858,11.573594093322754,False,True,False
North America,1926,-87.38371924375456,38.39083402348842,11.0,64.70661926269531,39.17076873779297,3.94891357421875,68.22879791259766,-29.51184844970703,29.30864906311035,41.73733901977539,False,True,False
North America,1933,-121.02775278340489,38.295030052602115,48.599998474121094,29.778274536132812,48.563262939453125,28.017181396484375,54.14006042480469,84.66566467285156,49.03289031982422,22.958650588989258,False,False,False
North America,1936,-95.26390334268946,37.92859956529917,12.300000190734863,47.389198303222656,17.45062255859375,-20.119361877441406,30.36530303955078,14.515464782714844,17.920246124267578,24.91045570373535,False,True,False
North America,1937,-115.89528190151175,37.613255100184766,1.2000000476837158,7.471099853515625,0.426727294921875,6.884063720703125,12.754371643066406,-0.160308837890625,5.47519063949585,5.389825820922852,False,True,False
North America,1943,-99.1473475911177,47.77110034432656,73.5,84.0786361694336,43.27998352050781,-8.378746032714844,100.5155029296875,87.16055297851562,61.3311882019043,44.455970764160156,True,True,False
North America,1962,-91.94860374857704,38.25535112358417,27.0,44.45404815673828,42.105918884277344,57.66223907470703,25.08202362060547,52.37896728515625,44.336639404296875,12.429609298706055,False,False,False
North America,1965,-125.64994084495154,54.47001087571606,12.600000381469727,140.65374755859375,138.67251586914062,148.79879760742188,216.45411682128906,113.0999755859375,151.53582763671875,38.6751708984375,False,False,False
North America,1966,-92.35664558988663,49.36669638721433,331.6000061035156,256.9592590332031,266.93878173828125,155.6964111328125,323.8807678222656,264.0036315917969,253.4957733154297,60.872589111328125,True,False,False
North America,1977,-108.61312973182628,36.523635381808035,2.200000047683716,13.341407775878906,1.6007843017578125,3.94891357421875,3.36187744140625,-4.269523620605469,3.596691846847534,6.344282627105713,False,True,False
North America,1984,-72.34671196570807,43.26165206659184,208.0,274.5701904296875,352.0582580566406,245.2186279296875,177.123046875,455.3757019042969,300.8691711425781,106.76412200927734,True,False,False
North America,1986,-85.1115946756518,44.8202736490734,23.700000762939453,71.45747375488281,40.931861877441406,36.23561096191406,62.65200424194336,61.477943420410156,54.55097579956055,15.168817520141602,False,False,False
North America,1994,-74.73251390611979,43.429170618917034,86.4000015258789,184.46092224121094,238.17425537109375,170.3721923828125,230.5428466796875,337.9695129394531,232.303955078125,65.81654357910156,True,False,False
North America,2006,-109.11673388288746,32.8637118748911,10.5,-14.836082458496094,-5.4435882568359375,-6.030616760253906,1.0137557983398438,-1.9214019775390625,-5.443586826324463,5.9721574783325195,False,True,True
North America,2016,-79.45583277384125,39.08784718913379,451.04998779296875,253.43707275390625,339.1435852050781,245.2186279296875,197.66912841796875,353.2323303222656,277.74017333984375,66.19876861572266,True,False,False
North America,2020,-124.280610872552,48.02003149230477,268.79998779296875,82.0240249633789,274.5701904296875,231.7169189453125,418.97979736328125,326.2289123535156,266.7039794921875,124.62323760986328,True,False,False
North America,2024,-92.50452044438993,40.53844447113783,59.0,29.191238403320312,23.90796661376953,8.645156860351562,18.62468719482422,28.017181396484375,21.67724609375,8.378312110900879,False,False,False
North America,2027,-124.6300279532634,54.12996803016309,104.30000305175781,312.1401672363281,274.5701904296875,177.41656494140625,310.9660949707031,204.12646484375,255.84390258789062,62.01600646972656,True,False,False
North America,2095,-72.33999930575112,43.313899593189284,93.5999984741211,250.50192260742188,289.8329772949219,122.72636413574219,153.4950408935547,395.4985656738281,242.41098022460938,109.5223388671875,True,False,False
North America,2109,-112.27532497183219,37.53888988613228,20.399999618530273,54.14006042480469,35.648582458496094,80.55644989013672,60.30388259887695,38.583740234375,53.8465461730957,18.161231994628906,False,False,False
North America,2143,-79.81645571550419,39.65836951146407,153.10000610351562,197.08209228515625,219.38926696777344,248.74081420898438,165.38241577148438,329.7510986328125,232.0691375732422,62.55337905883789,True,False,False
North America,2158,-94.4516646209218,36.14466430475665,38.0,15.102500915527344,26.256088256835938,66.46770477294922,41.518890380859375,33.30046081542969,36.52912902832031,19.340864181518555,False,False,False
North America,2177,-116.01993295573118,51.249975840885384,31.0,309.7920227050781,321.53265380859375,301.5736083984375,281.61456298828125,288.6589050292969,300.6343688964844,16.020671844482422,False,False,False
North America,2183,-99.14000502735828,49.96995891934405,37.099998474121094,72.925048828125,43.27998352050781,16.86359405517578,104.11106872558594,45.04107666015625,56.44415283203125,33.21784591674805,False,False,False
North America,2217,-111.93328533320086,40.95886468528146,27.399999618530273,101.10253143310547,69.9898910522461,29.191238403320312,161.8602294921875,35.648582458496094,79.5584945678711,54.300601959228516,True,False,False
North America,2245,-77.57779799832021,41.16192432567389,266.79998779296875,126.85851287841797,206.47457885742188,92.29706573486328,137.49844360351562,242.28347778320312,161.08242797851562,61.46739959716797,True,False,False
North America,2260,-119.64092651278835,37.849891959965035,64.19999694824219,121.86416625976562,195.3209991455078,83.78511810302734,272.2220458984375,150.5598907470703,164.75045776367188,72.59596252441406,True,False,False
North America,2263,-93.15327440100413,40.01812346644777,26.5,16.27655792236328,23.32093048095703,30.36530303955078,17.45062255859375,58.542789459228516,29.191242218017578,17.33481788635254,False,False,False
North America,2318,-125.56996561169174,54.44998270735568,65.19999694824219,264.0036315917969,296.8773498535156,121.30923461914062,300.3995361328125,172.13327026367188,230.94461059570312,80.22266387939453,True,False,False
North America,2336,-115.09160691884897,44.343078361433534,37.900001525878906,101.10253143310547,55.020599365234375,76.15371704101562,127.04196166992188,61.18442916870117,84.10064697265625,29.862085342407227,False,False,False
North America,2346,-102.1905869984112,48.64830232096856,60.0,24.4949951171875,27.430145263671875,20.385780334472656,26.256088256835938,8.058128356933594,21.325027465820312,7.882406234741211,False,False,False
North America,2348,-111.85656602762715,38.713839568001156,16.799999237060547,11.580314636230469,15.689529418945312,15.689529418945312,20.385780334472656,8.058128356933594,14.280656814575195,4.67049503326416,False,False,False
North America,2353,-109.40729689983385,32.863691091134314,6.099999904632568,-7.204673767089844,-14.249046325683594,-1.3343658447265625,3.94891357421875,-0.160308837890625,-3.799896240234375,7.0736613273620605,False,True,True
North America,2372,-120.75264464687065,38.169063884957374,42.20000076293945,14.515464782714844,21.559837341308594,39.75779724121094,42.692955017089844,5.7100067138671875,24.847211837768555,16.004535675048828,False,False,False
North America,2394,-119.8909871000797,40.858472759901936,4.599999904632568,15.102500915527344,15.102500915527344,17.45062255859375,16.86359405517578,13.928436279296875,15.689531326293945,1.4379265308380127,False,False,False
North America,2399,-121.65004041093745,57.07002315926297,300.0,235.23910522460938,369.669189453125,276.9183044433594,279.26641845703125,252.26300048828125,282.67120361328125,51.93217086791992,True,False,False
North America,2403,-94.43631663627572,36.00980541350627,20.0,13.928436279296875,19.211715698242188,38.583740234375,9.819221496582031,16.86359405517578,19.68134117126465,11.133488655090332,False,False,False
North America,2409,-108.28485603412588,45.86190903396696,13.899999618530273,30.95233154296875,7.471099853515625,13.928436279296875,49.737327575683594,9.819221496582031,22.381683349609375,17.84226417541504,False,False,False
North America,2423,-83.15801290334775,37.47198298473017,77.69999694824219,75.86019897460938,101.68955993652344,148.945556640625,53.55302429199219,130.08718872070312,102.02710723876953,38.80485153198242,False,False,False
North America,2430,-123.13432124682447,40.56834744165718,53.79999923706055,43.86701202392578,35.648582458496094,35.061553955078125,63.53255081176758,28.604209899902344,41.34278106689453,13.536123275756836,False,False,False
North America,2439,-87.69218371344371,40.55923490217047,47.70000076293945,123.15288543701172,62.06497573852539,-18.35826873779297,93.32437133789062,95.67250061035156,71.1712875366211,54.52435302734375,True,True,False
North America,2452,-81.78203542724103,33.200164963865085,31.700000762939453,73.51207733154297,58.8363037109375,43.86701202392578,58.249271392822266,31.53936767578125,53.2008056640625,16.01664161682129,False,False,False
North America,2456,-89.5694586374932,38.52087523261197,8.0,2.7748489379882812,21.559837341308594,-3.6824951171875,12.754371643066406,-5.4435882568359375,5.592595100402832,11.423748970031738,False,True,False
North America,2464,-82.21774821206112,35.7432921137448,258.5,105.65202331542969,114.89775848388672,145.8636474609375,58.542789459228516,97.43359375,104.47795104980469,31.553085327148438,False,False,False
North America,2503,-90.62998512841213,48.57001524793799,300.0,198.25616455078125,106.89945983886719,151.1469268798828,265.17767333984375,225.84661865234375,189.46536254882812,62.08594512939453,True,False,False
North America,2508,-90.5599700486169,48.5600045709216,300.0,125.26252746582031,19.211715698242188,248.15377807617188,227.60769653320312,157.45750427246094,155.5386505126953,91.20974731445312,True,False,False
North America,2541,-93.3832074943858,47.574134957872474,15.0,8.645156860351562,49.737327575683594,45.62810516357422,152.0274658203125,41.518890380859375,59.511390686035156,54.21855545043945,True,False,False
North America,2545,-104.48801450285053,41.7455301630784,7.199999809265137,18.03765106201172,24.4949951171875,25.669052124023438,15.102500915527344,7.471099853515625,18.155059814453125,7.418452739715576,False,False,False
North America,2554,-109.37678873002136,37.58391872609241,9.699999809265137,11.580314636230469,8.058128356933594,9.232185363769531,19.211715698242188,22.146873474121094,14.045843124389648,6.273272514343262,False,False,False
North America,2558,-111.9703298962906,34.7538929767387,4.300000190734863,-9.552803039550781,0.426727294921875,6.297035217285156,9.232185363769531,12.754371643066406,3.831503391265869,8.74065113067627,False,True,False
North America,2570,-120.35718949842187,40.83182583055513,19.700000762939453,12.167343139648438,-0.160308837890625,48.269744873046875,10.993278503417969,0.426727294921875,14.339357376098633,19.817838668823242,False,True,False
North America,2578,-92.52445663045916,38.23142951929765,18.0,37.40967559814453,48.856781005859375,33.30046081542969,18.62468719482422,48.563262939453125,37.350975036621094,12.501829147338867,False,False,False
North America,2592,-75.69190676728691,37.766557814669746,0.0,98.46089172363281,139.69981384277344,70.87043762207031,175.0684356689453,116.73223114013672,120.1663589477539,39.713985443115234,False,False,False
North America,2593,-92.21083238177,38.33599445068749,27.0,51.79193115234375,34.474517822265625,39.75779724121094,46.80216979980469,33.30046081542969,41.22537612915039,7.957463264465332,False,False,False
North America,2606,-121.24866465370721,36.444706187283096,16.5,1.0137557983398438,12.167343139648438,34.474517822265625,13.928436279296875,3.36187744140625,12.98918628692627,13.22188663482666,False,False,False
North America,2621,-92.62532017072415,38.10273443974342,208.10000610351562,88.18785095214844,57.07521057128906,19.798744201660156,75.86019897460938,34.474517822265625,55.07930374145508,28.289928436279297,False,False,False
North America,2633,-83.43871091965003,30.401586791940378,35.900001525878906,50.61787414550781,45.04107666015625,49.443809509277344,33.887489318847656,30.95233154296875,41.9885139465332,9.038658142089844,False,False,False
North America,2659,-110.01544002263843,27.157115472465023,13.0,-3.095458984375,5.1229705810546875,-1.3343658447265625,8.645156860351562,17.45062255859375,5.357785224914551,8.266511917114258,False,True,False
North America,2686,-116.7500078424658,54.170044226439224,25.0,306.26983642578125,349.71014404296875,302.7476501464844,326.2289123535156,282.7886047363281,313.54901123046875,25.417837142944336,False,False,False
North America,2691,-113.12551103399774,33.34417038965583,0.6000000238418579,-9.552803039550781,9.232185363769531,9.232185363769531,6.884063720703125,2.7748489379882812,3.7140960693359375,7.871469020843506,False,True,False
North America,2701,-113.92444606814087,37.17998489576406,9.100000381469727,-3.6824951171875,13.928436279296875,12.754371643066406,7.471099853515625,19.211715698242188,9.936625480651855,8.681313514709473,False,True,False
North America,2721,-90.90444507576888,45.045850356979486,41.599998474121094,64.41310119628906,22.733901977539062,-42.426536560058594,55.314117431640625,63.53255081176758,32.71342849731445,45.307518005371094,True,True,False
North America,2722,-106.71000667171532,36.77665470449016,60.29999923706055,42.692955017089844,29.778274536132812,59.423336029052734,73.51207733154297,5.7100067138671875,42.223331451416016,26.2828311920166,False,False,False
North America,2742,-109.44895391462916,32.039267833211575,5.699999809265137,-14.836082458496094,-3.6824951171875,15.689529418945312,11.580314636230469,3.36187744140625,2.422628879547119,12.20544719696045,False,True,False
North America,2743,-120.01469615862949,37.842762000963894,48.79999923706055,-2.5084304809570312,9.232185363769531,33.30046081542969,-2.5084304809570312,19.211715698242188,11.345499992370605,15.266191482543945,False,True,False
North America,2753,-124.56994449273425,54.05002996616717,4.099999904632568,251.08892822265625,265.17767333984375,182.11280822753906,235.23910522460938,190.0377197265625,224.7312469482422,36.94938659667969,False,False,False
North America,2762,-110.1691510875741,34.96448706035626,2.299999952316284,-6.617652893066406,5.1229705810546875,2.1878204345703125,1.6007843017578125,2.1878204345703125,0.8963485956192017,4.4203104972839355,False,True,False
North America,2801,-117.10004104850297,53.7300300415188,406.0,302.7476501464844,390.80230712890625,295.7032775878906,293.35516357421875,379.06170654296875,332.33404541015625,48.31804275512695,True,False,False
North America,2812,-88.29614902172094,45.65253615223278,28.200000762939453,12.167343139648438,20.972808837890625,41.518890380859375,68.22879791259766,-10.139839172363281,26.549602508544922,29.771209716796875,False,True,False
North America,2813,-104.24777491987747,42.028371820825306,13.0,10.993278503417969,14.515464782714844,-13.074989318847656,17.45062255859375,4.535942077636719,6.884063720703125,12.15168285369873,False,True,False
North America,2837,-114.34613509909522,38.00082110445193,6.099999904632568,-0.160308837890625,-1.9214019775390625,1.0137557983398438,10.40625,1.6007843017578125,2.1878159046173096,4.787093162536621,False,True,False
North America,2849,-92.28537651824905,38.41172395458647,25.0,28.604209899902344,30.36530303955078,35.648582458496094,15.689529418945312,36.23561096191406,29.30864906311035,8.295641899108887,False,False,False
North America,2851,-116.0207927036058,45.66388357847453,122.5,74.09910583496094,141.607666015625,193.55990600585938,87.89433288574219,72.63153076171875,113.95851135253906,52.62340545654297,True,False,False
North America,2858,-92.57241142872171,36.58705764386418,51.0,36.23561096191406,27.430145263671875,34.474517822265625,37.9967041015625,40.344825744628906,35.296363830566406,4.90443229675293,False,False,False
North America,2871,-112.02329620491818,32.44334767265838,2.200000047683716,-1.9214019775390625,-0.160308837890625,-6.030616760253906,2.7748489379882812,6.297035217285156,0.19191130995750427,4.670495510101318,False,True,False
North America,2907,-108.12437886128544,45.88102240566747,14.800000190734863,13.928436279296875,7.471099853515625,29.778274536132812,23.32093048095703,10.993278503417969,17.098403930664062,9.212833404541016,False,False,False
North America,2908,-97.79259921311161,35.08206092530341,20.700000762939453,7.471099853515625,-7.204673767089844,13.341407775878906,2.1878204345703125,3.94891357421875,3.94891357421875,7.551965236663818,False,True,False
North America,2951,-110.14097464851142,38.466989324232074,1.2000000476837158,12.167343139648438,17.45062255859375,6.884063720703125,13.341407775878906,19.211715698242188,13.811030387878418,4.830091953277588,False,False,False
North America,2970,-108.8650348809561,36.075299133887114,25.799999237060547,57.36872863769531,62.94552230834961,72.04450225830078,82.31754302978516,45.62810516357422,64.06088256835938,13.989640235900879,False,False,False
North America,2980,-112.27807733435276,34.43941590826854,6.0,10.40625,20.385780334472656,13.928436279296875,9.232185363769531,11.580314636230469,13.106593132019043,4.424206256866455,False,False,False
North America,2992,-92.42036567821049,40.43796331460268,101.0,40.344825744628906,37.40967559814453,43.86701202392578,50.03083801269531,116.14520263671875,57.55950927734375,33.08628845214844,False,False,False
North America,2993,-91.72692672681667,45.130268207694236,8.899999618530273,22.146873474121094,-16.59717559814453,19.211715698242188,40.931861877441406,10.40625,15.219904899597168,20.979276657104492,False,True,False
North America,3020,-112.53447651030409,33.05030282875967,2.5,15.689529418945312,14.515464782714844,-0.160308837890625,25.08202362060547,8.058128356933594,12.636967658996582,9.386990547180176,False,True,False
North America,3030,-83.44444963852044,35.61140371152495,78.5,287.48486328125,342.665771484375,259.8944091796875,251.67596435546875,381.4098205566406,304.62615966796875,55.77010726928711,True,False,False
North America,3038,-92.63744954537641,49.39031575715309,365.5,291.0070495605469,174.4813995361328,222.32443237304688,262.2425231933594,272.2220458984375,244.4554901123047,46.477317810058594,True,False,False
North America,3049,-105.4451116847122,25.98943803201571,13.0,-7.204673767089844,9.819221496582031,8.645156860351562,12.167343139648438,2.1878204345703125,5.122973442077637,7.820960521697998,False,True,False
North America,3051,-115.95997399995875,51.30997722847277,252.0,167.1435089111328,96.69979858398438,152.76126098632812,124.05177307128906,154.0820770263672,138.94769287109375,28.37975311279297,False,False,False
North America,3065,-117.23697741166231,33.34860970561288,7.300000190734863,50.91138458251953,68.81582641601562,28.017181396484375,50.91138458251953,21.559837341308594,44.043121337890625,19.172649383544922,False,False,False
North America,3080,-79.3589256427528,38.9637996234927,597.5,278.0923767089844,330.9251403808594,333.2732849121094,193.55990600585938,462.4200744628906,319.6541442871094,97.87973022460938,True,False,False
North America,3083,-116.03006484883767,51.320020630358286,354.5,318.0104675292969,377.88763427734375,201.77835083007812,298.0514221191406,307.44390869140625,300.63433837890625,63.434120178222656,True,False,False
North America,3090,-110.19842603622357,35.818372089187456,6.900000095367432,12.754371643066406,10.993278503417969,9.819221496582031,15.102500915527344,15.689529418945312,12.871780395507812,2.538527727127075,False,False,False
North America,3103,-109.26276187527507,41.62419520627838,4.699999809265137,21.559837341308594,24.4949951171875,7.471099853515625,2.1878204345703125,-8.378746032714844,9.467000961303711,13.670388221740723,False,True,False
North America,3118,-93.98609617294055,36.20079037932406,20.0,26.843116760253906,21.559837341308594,26.843116760253906,19.211715698242188,16.86359405517578,22.2642765045166,4.497591018676758,False,False,False
North America,3121,-84.9119094772957,37.00062690989799,20.799999237060547,62.65200424194336,35.061553955078125,16.86359405517578,62.65200424194336,65.587158203125,48.563262939453125,21.644649505615234,False,False,False
North America,3128,-118.54398043777331,36.17632303562914,46.20000076293945,81.14347839355469,94.35167694091797,55.901145935058594,86.13323974609375,68.22879791259766,77.15166473388672,15.195771217346191,False,False,False
North America,3149,-93.0757540536062,45.38938130608189,370.6000061035156,117.20919799804688,126.50996398925781,7.471099853515625,56.194664001464844,112.98990631103516,84.07496643066406,50.941497802734375,True,False,False
North America,3152,-109.57641834745478,32.164704284043324,7.099999904632568,-0.7473373413085938,16.86359405517578,13.341407775878906,11.580314636230469,-1.3343658447265625,7.940722465515137,8.419342994689941,False,True,False
North America,3166,-111.95001694503905,38.58749555474343,272.70001220703125,61.77145767211914,52.08544921875,48.563262939453125,58.8363037109375,55.607635498046875,55.37282180786133,5.248101711273193,False,False,False
North America,3167,-120.29410440694056,37.89520281349655,21.899999618530273,23.32093048095703,39.75779724121094,35.061553955078125,36.23561096191406,20.972808837890625,31.069738388061523,8.368022918701172,False,False,False
North America,3201,-113.32281583233726,37.265277837886586,3.0,-1.9214019775390625,9.819221496582031,1.6007843017578125,9.232185363769531,6.297035217285156,5.0055646896362305,5.056651592254639,False,True,False
North America,3204,-78.86945180492253,41.30837509994864,133.60000610351562,92.88410186767578,156.13668823242188,152.76126098632812,156.43020629882812,293.35516357421875,170.31349182128906,73.88567352294922,True,False,False
North America,3218,-92.33330489180732,49.45282683235414,311.29998779296875,264.0036315917969,274.5701904296875,164.5018768310547,195.02748107910156,181.8192901611328,215.9844970703125,49.98759460449219,True,False,False
North America,3229,-119.98894235332806,37.855800999607006,44.5,12.167343139648438,35.648582458496094,46.21514129638672,35.061553955078125,23.90796661376953,30.600116729736328,12.97856330871582,False,False,False
North America,3230,-97.0619165513173,40.894466512816884,130.39999389648438,22.146873474121094,32.71342468261719,23.90796661376953,19.798744201660156,29.191238403320312,25.55164909362793,5.289795398712158,False,False,False
North America,3237,-108.9021963695477,41.7972264661578,15.600000381469727,36.82264709472656,24.4949951171875,39.75779724121094,49.150291442871094,16.27655792236328,33.30045700073242,12.967937469482422,False,False,False
North America,3271,-103.5183527074114,31.393573205403364,9.600000381469727,-4.8565521240234375,19.798744201660156,5.7100067138671875,10.40625,-4.8565521240234375,5.240379333496094,10.520798683166504,False,True,False
North America,3279,-114.37219974811711,37.88300677215024,4.5,-0.7473373413085938,0.426727294921875,2.1878204345703125,10.40625,6.297035217285156,3.714099168777466,4.596117973327637,False,True,False
North America,3280,-75.60783683508664,37.96783057685141,97.5999984741211,54.727088928222656,80.55644989013672,90.24246215820312,150.11961364746094,76.44723510742188,90.41857147216797,35.814056396484375,False,False,False
North America,3294,-114.15721865289818,54.035673898640944,300.0,120.77265167236328,172.13327026367188,45.04107666015625,107.92676544189453,127.77574920654297,114.72989654541016,45.838497161865234,True,False,False
North America,3323,-110.25606769113448,31.814989874600695,2.700000047683716,-4.8565521240234375,-5.4435882568359375,3.94891357421875,6.884063720703125,2.7748489379882812,0.6615371704101562,5.5162177085876465,False,True,False
North America,3328,-92.74940748684337,40.0976897158809,21.0,45.04107666015625,32.71342468261719,48.856781005859375,34.474517822265625,79.38238525390625,48.09363555908203,18.781091690063477,False,False,False
North America,3352,-87.85996787054388,49.63999479975602,300.0,285.1367492675781,308.61798095703125,292.18109130859375,276.9183044433594,294.52923583984375,291.4766540527344,11.787487983703613,False,False,False
North America,3354,-98.92808475610825,48.905560773801724,167.10000610351562,212.3448944091797,198.25616455078125,82.90457153320312,266.93878173828125,194.73397827148438,191.0356903076172,67.03266906738281,True,False,False
North America,3359,-114.46267475537299,46.6148267181128,47.79999923706055,224.08551025390625,268.6998596191406,168.90460205078125,194.44046020507812,128.39947509765625,196.90597534179688,53.3300666809082,True,False,False
North America,3363,-116.34200236837344,38.45747650710748,3.799999952316284,11.580314636230469,12.167343139648438,7.471099853515625,7.471099853515625,-7.791709899902344,6.179629325866699,8.11717700958252,False,True,False
North America,3421,-86.38785996238009,30.70212003167537,364.29998779296875,36.82264709472656,-1.3343658447265625,35.648582458496094,28.017181396484375,6.884063720703125,21.207622528076172,17.4072265625,False,True,False
North America,3434,-112.1416381391418,32.98335260078456,7.199999809265137,-4.8565521240234375,6.297035217285156,-4.8565521240234375,7.471099853515625,-1.9214019775390625,0.4267257750034332,6.029582977294922,False,True,False
North America,3455,-116.67752366053385,38.13659673350349,3.0,-1.3343658447265625,8.058128356933594,2.1878204345703125,3.94891357421875,-6.030616760253906,1.3659759759902954,5.341660022735596,False,True,False
North America,3503,-111.77774906917324,43.05170448387784,98.5999984741211,12.167343139648438,7.471099853515625,30.95233154296875,69.40286254882812,28.017181396484375,29.602163314819336,24.40382957458496,False,False,False
North America,3524,-123.16749009580786,40.55731323545321,8.800000190734863,43.27998352050781,43.86701202392578,51.79193115234375,43.86701202392578,20.972808837890625,40.7557487487793,11.60704231262207,False,False,False
North America,3579,-104.68993262778704,54.460020608383076,319.79998779296875,176.82952880859375,300.3995361328125,327.4029541015625,280.44049072265625,254.02410888671875,267.8193359375,57.53352355957031,True,False,False
North America,3608,-118.01947217477291,35.070802350730474,4.400000095367432,4.535942077636719,8.645156860351562,-0.7473373413085938,3.94891357421875,3.94891357421875,4.066317558288574,3.3311092853546143,False,True,False
North America,3613,-92.64719776241607,49.47220011821157,442.79998779296875,255.78518676757812,156.87046813964844,182.99334716796875,245.8056640625,222.9114532470703,212.8732147216797,41.999595642089844,False,False,False
North America,3616,-98.96906131390067,47.727822407642854,49.79999923706055,151.1469268798828,200.60427856445312,50.03083801269531,258.7203369140625,163.62132263183594,164.82473754882812,76.58773803710938,True,False,False
North America,3658,-117.22920404251221,37.42359972852093,1.2999999523162842,12.167343139648438,13.341407775878906,-0.7473373413085938,8.645156860351562,-10.139839172363281,4.653346061706543,9.948402404785156,False,True,False
North America,3674,-75.66602431895295,37.754358974488696,0.0,95.23222351074219,44.45404815673828,75.56668090820312,142.63497924804688,131.48138427734375,97.87386322021484,40.284263610839844,False,False,False
North America,3677,-92.66445524474004,38.22434271709739,57.0,79.0888671875,45.62810516357422,25.08202362060547,88.77488708496094,24.4949951171875,52.61377716064453,30.025070190429688,False,False,False
North America,3678,-108.56421819855082,40.239446318058214,11.600000381469727,16.27655792236328,7.471099853515625,1.0137557983398438,6.297035217285156,-4.269523620605469,5.357785224914551,7.6831560134887695,False,True,False
North America,3708,-96.87697326548411,41.05388280169027,45.400001525878906,27.430145263671875,31.53936767578125,34.474517822265625,37.40967559814453,34.474517822265625,33.065643310546875,3.772559881210327,False,False,False
North America,3737,-94.38185937866993,36.093654228109614,26.0,5.1229705810546875,46.80216979980469,57.07521057128906,27.430145263671875,19.798744201660156,31.245849609375,20.839599609375,False,False,False
North America,3759,-119.04088913265791,40.43698320026927,6.599999904632568,8.058128356933594,3.94891357421875,-3.095458984375,-2.5084304809570312,-8.965766906738281,-0.5125228762626648,6.623311519622803,False,True,True
North America,3760,-110.79280610728695,42.294357278248484,17.0,254.61111450195312,325.0548400878906,275.7442321777344,243.45753479003906,225.84661865234375,264.94287109375,38.16739273071289,False,False,False
North America,3776,-117.43833552247135,40.93667579956812,4.400000095367432,-3.095458984375,1.0137557983398438,9.819221496582031,7.471099853515625,-0.160308837890625,3.009661912918091,5.421701908111572,False,True,False
North America,3796,-117.43033311719738,33.807269836416246,12.0,-1.9214019775390625,9.232185363769531,26.843116760253906,8.058128356933594,10.40625,10.523655891418457,10.355732917785645,False,True,False
North America,3800,-91.8589374965621,38.193501300269304,157.0,68.5223159790039,36.82264709472656,26.256088256835938,50.03083801269531,56.488182067871094,47.6240119934082,16.540578842163086,False,False,False
North America,3839,-120.60811582559279,38.06510607571085,58.400001525878906,22.146873474121094,50.03083801269531,29.191238403320312,33.30046081542969,46.21514129638672,36.176910400390625,11.6898775100708,False,False,False
North America,3865,-119.60470695185793,41.35112196947164,10.199999809265137,4.535942077636719,-1.9214019775390625,1.6007843017578125,1.0137557983398438,-3.6824951171875,0.309317022562027,3.199185609817505,False,True,False
North America,3870,-114.41004333261793,41.139352001272066,17.200000762939453,18.62468719482422,-1.3343658447265625,19.798744201660156,15.102500915527344,5.7100067138671875,11.580314636230469,9.094243049621582,False,True,False
North America,3894,-106.30273329367904,28.339855396501235,25.0,6.297035217285156,-0.7473373413085938,10.40625,23.90796661376953,11.580314636230469,10.288846015930176,9.012408256530762,False,True,False
North America,3912,-112.84248487248803,33.37358340502419,2.9000000953674316,-7.204673767089844,9.819221496582031,12.754371643066406,10.40625,8.645156860351562,6.8840651512146,8.016786575317383,False,True,False
North America,3914,-106.27916126678387,34.503338019927064,14.5,6.884063720703125,3.94891357421875,16.27655792236328,18.03765106201172,19.211715698242188,12.871780395507812,6.963185787200928,False,False,False
North America,3917,-105.97723049965973,38.8999693758805,91.19999694824219,107.63325500488281,40.931861877441406,30.95233154296875,96.1127700805664,15.689529418945312,58.263954162597656,41.01453399658203,False,False,False
North America,3942,-79.70307155751212,38.94641608104137,532.0999755859375,134.04965209960938,262.2425231933594,291.0070495605469,144.2493133544922,509.382568359375,268.18621826171875,151.7273712158203,True,False,False
North America,3958,-109.94001596082725,37.10891122070095,5.800000190734863,10.40625,10.993278503417969,1.0137557983398438,0.426727294921875,10.993278503417969,6.766657829284668,5.528695106506348,False,False,False
North America,3983,-119.97084954608306,37.85362463560038,63.0,10.993278503417969,9.232185363769531,39.75779724121094,19.211715698242188,6.297035217285156,17.09840202331543,13.5437593460083,False,False,False
North America,3992,-72.45832422437788,43.19080414756767,37.150001525878906,246.3927001953125,246.97972106933594,110.2015151977539,208.23568725585938,374.3654479980469,237.2350311279297,94.81831359863281,True,False,False
North America,4023,-79.08253068380691,41.31329418666806,119.19999694824219,228.19473266601562,227.02066040039062,280.44049072265625,212.3448944091797,357.9285583496094,261.18585205078125,59.9395637512207,True,False,False
North America,4024,-109.7856870479237,37.195314018032164,3.299999952316284,12.167343139648438,15.102500915527344,2.1878204345703125,10.993278503417969,9.819221496582031,10.054033279418945,4.815800189971924,False,False,False
North America,4031,-123.01914952431731,40.60833329622241,59.70000076293945,40.931861877441406,53.25951385498047,54.433570861816406,47.976234436035156,23.32093048095703,43.98441696166992,12.722466468811035,False,False,False
North America,4043,-122.53003698662384,52.60000864323836,406.0,151.88070678710938,131.70152282714844,32.12639617919922,234.65206909179688,133.75613403320312,136.8233642578125,72.10110473632812,True,False,False
North America,4052,-124.0800481864929,49.1999944321801,446.29998779296875,112.87983703613281,205.88755798339844,175.65545654296875,222.32443237304688,224.67254638671875,188.28396606445312,46.47050094604492,True,False,False
North America,4057,-91.73558711727989,36.271104287212154,37.0,49.150291442871094,31.53936767578125,36.82264709472656,23.90796661376953,19.211715698242188,32.12639617919922,11.689139366149902,False,False,False
North America,4071,-92.34894390407887,36.34750785729725,58.29999923706055,29.778274536132812,35.061553955078125,39.75779724121094,33.30046081542969,55.020599365234375,38.583736419677734,9.866658210754395,False,False,False
North America,4074,-92.41493792112884,36.65652439602391,53.0,45.04107666015625,24.4949951171875,46.21514129638672,45.04107666015625,30.95233154296875,38.34892654418945,9.976073265075684,False,False,False
North America,4083,-108.2615726075912,45.94767077458329,18.0,15.102500915527344,28.017181396484375,4.535942077636719,29.191238403320312,28.604209899902344,21.090213775634766,10.954066276550293,False,False,False
North America,4093,-93.41845273245873,45.71105792673146,68.0,77.03426361083984,73.21856689453125,21.559837341308594,106.60594940185547,124.96900939941406,80.67752838134766,39.3631477355957,False,False,False
North America,4099,-116.3031484758278,37.8699079270381,4.949999809265137,-0.7473373413085938,5.1229705810546875,1.6007843017578125,5.7100067138671875,-4.269523620605469,1.4833800792694092,4.1592302322387695,False,True,False
North America,4118,-119.67790028285881,39.86736554575682,3.4000000953674316,-1.3343658447265625,1.0137557983398438,-2.5084304809570312,4.535942077636719,-6.030616760253906,-0.8647430539131165,3.9466652870178223,False,True,True
North America,4134,-125.43003292217347,54.32998699566478,446.1000061035156,182.11280822753906,127.9225082397461,169.1981201171875,265.76470947265625,70.57691955566406,163.11502075195312,72.0011978149414,True,False,False
North America,4150,-107.06695810068359,44.81556007455939,30.0,7.471099853515625,14.515464782714844,29.191238403320312,17.45062255859375,19.211715698242188,17.56802749633789,7.891143798828125,False,False,False
North America,4176,-88.3243885016597,45.777774103314925,34.599998474121094,26.843116760253906,37.40967559814453,49.443809509277344,58.8363037109375,29.191238403320312,40.344825744628906,13.601838111877441,False,False,False
North America,4191,-108.74864448170517,36.409731282788606,8.800000190734863,20.385780334472656,16.86359405517578,-1.3343658447265625,6.884063720703125,1.0137557983398438,8.762565612792969,9.568785667419434,False,True,False
North America,4202,-119.88331759437823,41.89106790143684,36.0,38.583740234375,30.36530303955078,22.146873474121094,36.82264709472656,23.90796661376953,30.365306854248047,7.390530586242676,False,False,False
North America,4215,-115.78667766170416,45.92913825299223,197.39999389648438,159.07183837890625,253.43707275390625,192.67935180664062,191.2117919921875,164.20835876464844,192.12167358398438,37.52386474609375,False,False,False
North America,4221,-116.73002900291657,53.85003068459153,400.0,223.49847412109375,362.62481689453125,265.17767333984375,149.38583374023438,239.9353485107422,248.12442016601562,77.17506408691406,True,False,False
North America,4242,-111.77391560128548,43.176357665218504,80.80000305175781,127.40885925292969,131.00442504882812,111.15544128417969,160.09915161132812,129.1332550048828,131.76022338867188,17.706344604492188,False,False,False
North America,4248,-112.01391497571421,32.46056262200116,5.099999904632568,8.058128356933594,8.058128356933594,-0.7473373413085938,5.1229705810546875,15.102500915527344,7.118878364562988,5.730698585510254,False,True,False
North America,4258,-112.51523211835789,33.0646979614049,5.400000095367432,2.7748489379882812,9.819221496582031,-13.074989318847656,11.580314636230469,3.94891357421875,3.009661912918091,9.740117073059082,False,True,False
North America,4282,-109.8381791882599,37.46002425929632,5.800000190734863,21.559837341308594,30.36530303955078,19.798744201660156,26.843116760253906,25.669052124023438,24.847209930419922,4.224992275238037,False,False,False
North America,4285,-121.4000113302283,57.099964129973046,552.0,321.53265380859375,252.26300048828125,231.1298828125,327.4029541015625,222.9114532470703,271.0480041503906,49.9700927734375,True,False,False
North America,4302,-77.80452191070792,39.156692876467496,23.200000762939453,70.57691955566406,75.56668090820312,120.38282775878906,29.191238403320312,50.03083801269531,69.14969635009766,34.02299880981445,False,False,False
North America,4343,-123.22992409092633,68.62996547290517,300.0,294.52923583984375,143.0752410888672,181.52577209472656,224.67254638671875,170.6656951904297,202.89370727539062,59.0442008972168,True,False,False
North America,4384,-118.07838013574413,40.00086422252015,7.5,8.058128356933594,11.580314636230469,10.993278503417969,2.7748489379882812,1.0137557983398438,6.8840651512146,4.787092208862305,False,False,False
North America,4406,-120.24802344286435,39.74385159659203,8.5,10.40625,17.45062255859375,24.4949951171875,23.90796661376953,8.645156860351562,16.980998992919922,7.371857643127441,False,False,False
North America,4409,-119.96128724042825,41.89378987852092,13.699999809265137,18.03765106201172,16.86359405517578,10.993278503417969,28.017181396484375,28.017181396484375,20.38577651977539,7.460146903991699,False,False,False
North America,4413,-118.62006049897795,54.91001806530119,171.10000610351562,316.8363952636719,377.88763427734375,252.85003662109375,305.0957946777344,328.5770263671875,316.2493591308594,44.98741149902344,True,False,False
North America,4420,-114.43607283170016,37.15666475210847,5.599999904632568,-5.4435882568359375,5.1229705810546875,-3.095458984375,11.580314636230469,3.94891357421875,2.4226303100585938,6.8156304359436035,False,True,False
North America,4423,-124.42998679798418,54.02004155014952,495.0,192.67935180664062,182.11280822753906,35.061553955078125,193.85342407226562,158.63156127929688,152.46774291992188,67.13937377929688,True,False,False
North America,4442,-119.57981773784137,37.74128196891845,22.600000381469727,108.80731201171875,113.17335510253906,67.05473327636719,178.88412475585938,87.16055297851562,111.0160140991211,42.1820182800293,False,False,False
North America,4446,-120.50001875075407,52.920024098460736,461.0,314.48828125,259.307373046875,275.7442321777344,347.3620300292969,270.4609680175781,293.47259521484375,36.595157623291016,False,False,False
North America,4459,-122.73000142202103,52.51999180318535,10.0,153.05477905273438,212.3448944091797,222.9114532470703,262.8295593261719,139.773193359375,198.18276977539062,51.0869255065918,True,False,False
North America,4476,-75.44151890837338,37.98912172017675,0.0,94.05815887451172,126.7851333618164,218.2152099609375,110.56840515136719,148.50527954101562,139.62643432617188,48.32381820678711,True,False,False
North America,4477,-91.38662061900135,38.19444873676153,40.0,30.95233154296875,29.778274536132812,39.75779724121094,33.887489318847656,38.583740234375,34.59192657470703,4.459117889404297,False,False,False
North America,4478,-108.71654110220408,36.64859793642029,2.799999952316284,13.928436279296875,13.341407775878906,-4.269523620605469,0.426727294921875,-0.7473373413085938,4.535942077636719,8.486608505249023,False,True,False
North America,4519,-117.38304912903301,60.950010949875214,27.799999237060547,176.5360107421875,266.93878173828125,235.23910522460938,252.26300048828125,181.8192901611328,222.55923461914062,41.20229721069336,False,False,False
North America,4531,-115.78296097647178,60.78325478377945,425.20001220703125,222.9114532470703,262.2425231933594,280.44049072265625,229.95582580566406,262.2425231933594,251.55856323242188,24.237340927124023,False,False,False
North America,4535,-87.63155379720881,37.05905441706175,61.5,71.45747375488281,47.389198303222656,73.21856689453125,51.79193115234375,36.23561096191406,56.0185546875,15.952238082885742,False,False,False
North America,4538,-137.22992220379598,60.650031902825106,300.0,268.6998596191406,336.79547119140625,257.5462646484375,291.0070495605469,299.2254638671875,290.65484619140625,30.743846893310547,False,False,False
North America,4543,-122.90567877227888,40.60271088136449,16.799999237060547,13.341407775878906,26.256088256835938,19.798744201660156,39.75779724121094,15.689529418945312,22.968713760375977,10.587733268737793,False,False,False
North America,4555,-122.29998203668745,43.26670056319918,173.6999969482422,29.778274536132812,108.0001449584961,104.62471771240234,157.45750427246094,23.90796661376953,84.75372314453125,56.88936233520508,True,False,False
North America,4601,-110.14838511475301,35.81892955364868,9.5,14.515464782714844,6.884063720703125,12.167343139648438,14.515464782714844,12.754371643066406,12.167341232299805,3.1338870525360107,False,False,False
North America,4622,-82.20857586450622,35.758350640970136,129.39999389648438,166.26296997070312,166.85000610351562,195.02748107910156,96.55303955078125,165.96945190429688,158.13259887695312,36.59503936767578,False,False,False
North America,4640,-111.96477319131309,34.67999437440247,8.800000190734863,-6.617652893066406,3.94891357421875,0.426727294921875,20.972808837890625,3.94891357421875,4.535942077636719,10.150715827941895,False,True,False
North America,4642,-119.07000590692053,54.950014980419176,250.0,283.9626770019531,233.47801208496094,238.76129150390625,242.28347778320312,266.35174560546875,252.96743774414062,21.42220687866211,False,False,False
North America,4675,-86.39103525654056,30.47844119041266,13.899999618530273,42.105918884277344,54.433570861816406,38.583740234375,59.71685028076172,22.733901977539062,43.51479721069336,14.490273475646973,False,False,False
North America,4678,-102.29192905128947,48.68798060594809,52.20000076293945,35.061553955078125,35.648582458496094,37.40967559814453,27.430145263671875,20.972808837890625,31.304553985595703,6.928458213806152,False,False,False
North America,4680,-114.5783703010076,34.92947971313186,1.2000000476837158,10.40625,28.017181396484375,5.1229705810546875,12.754371643066406,13.341407775878906,13.928436279296875,8.517008781433105,False,False,False
North America,4689,-114.3582509642739,54.25406016021756,300.0,150.85340881347656,111.15544128417969,1.0137557983398438,159.21859741210938,88.62812805175781,102.17386627197266,63.484886169433594,True,False,False
North America,4718,-105.2472124313004,38.88892835519374,376.8999938964844,143.6622772216797,35.648582458496094,36.82264709472656,83.78511810302734,47.976234436035156,69.57896423339844,45.774112701416016,True,False,False
North America,4745,-89.4399081011114,40.81128637554318,32.599998474121094,65.29364013671875,63.53255081176758,61.18442916870117,39.17076873779297,64.70661926269531,58.7775993347168,11.072965621948242,False,False,False
North America,4756,-87.95993275929177,49.60997587120703,300.0,305.0957946777344,285.1367492675781,178.88412475585938,314.48828125,306.26983642578125,277.9749450683594,56.435020446777344,True,False,False
North America,4766,-114.30835862292,37.151397986563175,3.200000047683716,7.471099853515625,10.40625,-1.3343658447265625,12.167343139648438,6.297035217285156,7.001472473144531,5.207727432250977,False,True,False
North America,4776,-92.64714069395029,49.44170713989704,368.8999938964844,273.3961181640625,198.25616455078125,174.18788146972656,216.45411682128906,281.61456298828125,228.78176879882812,47.026641845703125,True,False,False
North America,4783,-90.56004763628519,48.439981051058275,300.0,275.7442321777344,146.7441864013672,209.4097442626953,320.35858154296875,215.86708068847656,233.624755859375,66.60845184326172,True,False,False
North America,4846,-118.79419392425368,38.224536057041476,4.599999904632568,2.7748489379882812,1.0137557983398438,-6.030616760253906,4.535942077636719,-7.204673767089844,-0.9821487665176392,5.309304237365723,False,True,True
North America,4866,-115.00378060178309,46.89103756405689,74.5,384.9320068359375,387.2801208496094,366.1470031738281,305.0957946777344,367.3210754394531,362.15521240234375,33.34831619262695,False,False,False
North America,4871,-119.63880970372875,37.72379090674989,61.900001525878906,141.75442504882812,106.01891326904297,90.68273162841797,151.29367065429688,133.53599548339844,124.65715026855469,25.40816879272461,False,False,False
North America,4880,-94.36583104122872,36.00819482812416,30.0,1.0137557983398438,35.648582458496094,35.061553955078125,18.03765106201172,40.344825744628906,26.02127456665039,16.345413208007812,False,False,False
North America,4888,-120.69992380865068,56.22004192147037,450.0,151.4404296875,71.45747375488281,21.559837341308594,88.18785095214844,133.90289306640625,93.3096923828125,51.669105529785156,True,False,False
North America,4891,-120.83000135745363,56.36995923563823,96.0,220.56332397460938,182.40631103515625,217.628173828125,162.74078369140625,222.32443237304688,201.13259887695312,27.034034729003906,False,False,False
North America,4901,-145.29994448746467,61.91670701262759,51.599998474121094,264.59063720703125,285.1367492675781,291.0070495605469,207.06161499023438,272.2220458984375,264.0036315917969,33.489078521728516,False,False,False
North America,4944,-117.01469196470356,40.76472550560553,44.599998474121094,30.36530303955078,18.62468719482422,3.36187744140625,29.778274536132812,34.474517822265625,23.320932388305664,12.610922813415527,False,False,False
North America,4947,-109.93557513059245,41.53692003653992,3.700000047683716,9.819221496582031,13.928436279296875,11.580314636230469,-2.5084304809570312,-14.249046325683594,3.714099168777466,11.88357162475586,False,True,False
North America,4970,-115.96889479078112,45.88916537763864,52.79999923706055,108.44042205810547,132.8022003173828,159.21859741210938,181.8192901611328,8.645156860351562,118.18513488769531,67.15779113769531,True,False,False
North America,5004,-96.88836324954376,41.066071860347144,40.29999923706055,21.559837341308594,27.430145263671875,18.62468719482422,25.669052124023438,25.08202362060547,23.67314910888672,3.5368287563323975,False,False,False
North America,5009,-114.52168479063447,34.99080709690593,2.299999952316284,-3.6824951171875,10.40625,10.993278503417969,6.297035217285156,-6.617652893066406,3.479283094406128,8.148955345153809,False,True,False
North America,5014,-92.26116467008808,38.38228444366427,57.0,45.04107666015625,42.105918884277344,28.604209899902344,49.737327575683594,26.256088256835938,38.34892272949219,10.365710258483887,False,False,False
North America,5043,-122.95637027590979,42.234734642666105,52.099998474121094,-7.791709899902344,55.020599365234375,83.19808959960938,140.7271270751953,80.262939453125,70.28340911865234,53.75261688232422,True,True,False
North America,5055,-122.42998977164643,52.7999566540488,406.0,175.3619384765625,206.47457885742188,118.18146514892578,189.15716552734375,190.0377197265625,175.8425750732422,34.06660842895508,False,False,False
North America,5062,-121.57993710818053,55.61997610698655,373.0,194.14694213867188,282.7886047363281,109.76123809814453,211.75787353515625,227.02066040039062,205.09506225585938,62.7889518737793,True,False,False
North America,5118,-109.87136525209115,44.44392542100145,255.89999389648438,178.5906219482422,191.79881286621094,100.07522583007812,151.88070678710938,114.97113800048828,147.46328735351562,39.5456428527832,False,False,False
North America,5120,-112.12921079635505,32.839149077025525,2.200000047683716,6.884063720703125,8.058128356933594,-5.4435882568359375,10.993278503417969,5.1229705810546875,5.1229705810546875,6.281506061553955,False,True,False
North America,5122,-111.92000912446954,43.09747466208324,42.29999923706055,13.928436279296875,14.515464782714844,25.08202362060547,28.017181396484375,12.754371643066406,18.859495162963867,7.124632835388184,False,False,False
North America,5143,-85.83747731871917,38.60053674532571,39.5,55.901145935058594,73.21856689453125,49.737327575683594,39.75779724121094,70.28340911865234,57.7796516418457,14.032988548278809,False,False,False
North America,5154,-122.75006157529612,53.83003042920035,290.0,180.64523315429688,82.61105346679688,72.63153076171875,214.69302368164062,155.54965209960938,141.22610473632812,61.84124755859375,True,False,False
North America,5165,-80.50189735583095,38.255579430524584,103.0999984741211,96.1127700805664,151.73394775390625,75.2731704711914,112.62301635742188,256.9592590332031,138.54043579101562,71.88819885253906,True,False,False
North America,5166,-122.9836193670758,42.310033925468126,33.0,22.733901977539062,67.64176940917969,52.96599578857422,58.249271392822266,18.03765106201172,43.92572021484375,22.184606552124023,False,False,False
North America,5173,-150.0666515966219,61.38334811439939,317.79998779296875,318.0104675292969,346.1879577636719,307.44390869140625,273.3961181640625,300.3995361328125,309.08758544921875,26.495849609375,False,False,False
North America,5174,-119.13005838034192,54.98996532414745,311.0,214.10598754882812,187.10256958007812,20.385780334472656,118.27318572998047,225.25958251953125,153.02542114257812,85.01596069335938,True,False,False
North America,5203,-125.8500315654008,54.35001316312117,95.69999694824219,298.0514221191406,366.1470031738281,173.89437866210938,310.9660949707031,293.35516357421875,288.4828186035156,70.32608795166016,True,False,False
North America,5221,-145.35009015040148,61.93329912486522,35.79999923706055,255.19815063476562,322.70672607421875,268.1128234863281,355.5804443359375,283.9626770019531,297.1121520996094,41.365074157714844,False,False,False
North America,5229,-77.59137273576675,39.728573071656996,92.5,110.05475616455078,107.19297790527344,56.78169250488281,103.81755065917969,132.50868225097656,102.07112884521484,27.70649528503418,False,False,False
North America,5232,-120.85006278715136,57.21996501799133,47.20000076293945,263.4165954589844,291.0070495605469,243.45753479003906,159.07183837890625,263.4165954589844,244.0739288330078,50.43989181518555,True,False,False
North America,5277,-107.81009449391254,34.80952145043748,8.199999809265137,79.38238525390625,54.433570861816406,-1.9214019775390625,60.89091110229492,64.41310119628906,51.4397087097168,31.204160690307617,False,True,False
North America,5282,-109.79806619534737,41.511425657089795,15.300000190734863,12.167343139648438,0.426727294921875,2.1878204345703125,8.645156860351562,-6.617652893066406,3.3618788719177246,7.332015514373779,False,True,False
North America,5290,-87.83745221914329,40.671422372423514,60.099998474121094,231.1298828125,102.57011413574219,26.256088256835938,228.78176879882812,69.9898910522461,131.7455596923828,93.65664672851562,True,False,False
North America,5291,-107.98402892985871,45.654625484153556,23.899999618530273,5.7100067138671875,2.1878204345703125,26.843116760253906,17.45062255859375,5.7100067138671875,11.580314636230469,10.302349090576172,False,False,False
North America,5296,-120.30080071513635,39.74301978968989,10.199999809265137,66.46770477294922,46.80216979980469,45.04107666015625,122.4764175415039,4.535942077636719,57.064659118652344,42.94260025024414,True,False,False
North America,5305,-87.83993391183256,49.53004486420233,300.0,238.17425537109375,208.8227081298828,221.73739624023438,278.0923767089844,279.26641845703125,245.21865844726562,32.27069091796875,False,False,False
North America,5309,-114.55860779855551,34.89086154204393,38.0,4.535942077636719,29.778274536132812,2.1878204345703125,10.993278503417969,5.1229705810546875,10.523656845092773,11.24129867553711,False,False,False
North America,5321,-103.65412875295226,27.30991837845617,42.0,7.471099853515625,15.102500915527344,-11.313896179199219,25.08202362060547,28.017181396484375,12.871782302856445,15.792115211486816,False,True,False
North America,5324,-119.92996751466823,54.12000027018158,434.70001220703125,303.9217224121094,422.5019836425781,321.53265380859375,352.0582580566406,270.4609680175781,334.0950927734375,57.567359924316406,True,False,False
North America,5334,-111.83112594966356,38.6424707166387,38.099998474121094,6.297035217285156,16.27655792236328,6.297035217285156,19.798744201660156,6.297035217285156,10.993281364440918,6.550064563751221,False,False,False
North America,5358,-115.94998300206942,51.26996190750173,17.0,281.61456298828125,321.53265380859375,249.32785034179688,310.9660949707031,361.45074462890625,304.9783630371094,42.25480270385742,True,False,False
North America,5368,-81.89444551584883,37.80331934124017,42.900001525878906,68.22879791259766,82.0240249633789,114.64093017578125,61.18442916870117,82.61105346679688,81.73783874511719,20.5450382232666,False,False,False
North America,5371,-137.44996493532204,60.71995453946632,300.0,296.8773498535156,353.2323303222656,274.5701904296875,265.76470947265625,340.3176574707031,306.1524353027344,39.04616928100586,False,False,False
North America,5372,-85.75188785021683,38.62254427036385,269.8999938964844,25.669052124023438,46.21514129638672,43.27998352050781,-4.269523620605469,23.32093048095703,26.843114852905273,20.169448852539062,False,True,False
North America,5373,-116.30924692608487,38.33463274351162,5.900000095367432,3.36187744140625,8.058128356933594,0.426727294921875,-5.4435882568359375,-10.139839172363281,-0.7473388910293579,7.177641868591309,False,True,True
North America,5387,-133.36663828039917,55.52502560731351,117.69999694824219,195.02748107910156,295.7032775878906,306.26983642578125,216.45411682128906,376.71356201171875,278.03363037109375,73.36430358886719,True,False,False
North America,5400,-112.37086796702187,42.55003930433144,24.899999618530273,8.645156860351562,15.689529418945312,29.778274536132812,16.86359405517578,1.6007843017578125,14.515467643737793,10.501130104064941,False,False,False
North America,5401,-110.25358584962339,31.860805591014316,9.100000381469727,-4.269523620605469,10.40625,1.6007843017578125,6.297035217285156,13.928436279296875,5.592596530914307,7.182438850402832,False,True,False
North America,5407,-112.5188815393366,33.04643517196358,3.5999999046325684,2.7748489379882812,8.645156860351562,-8.378746032714844,8.058128356933594,4.535942077636719,3.127066135406494,6.878541946411133,False,True,False
North America,5435,-74.59396091102579,39.52177668791789,201.5,103.30389404296875,98.31413269042969,114.27404022216797,223.49847412109375,157.8977813720703,139.45765686035156,52.5285530090332,True,False,False
North America,5444,-92.44169092537639,49.64031335306558,397.1000061035156,265.76470947265625,249.91488647460938,163.9148406982422,269.2868957519531,345.0138854980469,258.779052734375,64.5628662109375,True,False,False
North America,5477,-86.73471868339736,39.465236288861426,23.899999618530273,46.21514129638672,78.20832824707031,4.535942077636719,111.96260070800781,88.18785095214844,65.82197570800781,41.60233688354492,False,False,False
North America,5513,-77.48137482548525,41.52806175914499,477.0,158.33804321289062,213.51895141601562,106.97283935546875,140.3602294921875,330.9251403808594,190.02304077148438,87.71135711669922,True,False,False
North America,5524,-72.5922495762667,42.40821557829967,8.699999809265137,54.14006042480469,68.5223159790039,33.30046081542969,100.80902099609375,52.08544921875,61.771461486816406,25.160287857055664,False,False,False
North America,5565,-120.78337662953042,52.95001756087566,456.0,217.628173828125,184.7544403076172,141.46090698242188,202.952392578125,158.04452514648438,180.9680938720703,31.33654022216797,False,False,False
North America,5567,-87.04860251287192,39.31252610795935,12.800000190734863,40.344825744628906,73.21856689453125,5.7100067138671875,65.88067626953125,52.08544921875,47.447906494140625,26.54197883605957,False,False,False
North America,5581,-119.4465925800043,39.94624742961151,2.9000000953674316,-0.7473373413085938,0.426727294921875,7.471099853515625,7.471099853515625,-1.9214019775390625,2.5400376319885254,4.577338218688965,False,True,False
North America,5608,-108.65163961062416,36.6311124695746,5.300000190734863,19.211715698242188,14.515464782714844,1.0137557983398438,1.6007843017578125,4.535942077636719,8.175532341003418,8.212141036987305,False,False,False
North America,5620,-84.7794186570555,37.42747562174791,50.599998474121094,37.9967041015625,30.36530303955078,34.474517822265625,30.36530303955078,39.17076873779297,34.474517822265625,4.130128860473633,False,False,False
North America,5624,-112.60081315626837,39.70219941760898,4.5,6.884063720703125,12.754371643066406,-9.552803039550781,5.7100067138671875,-2.5084304809570312,2.6574416160583496,8.730790138244629,False,True,False
North America,5646,-93.10798134598832,45.34065808518784,11.0,130.89434814453125,156.7237091064453,26.843116760253906,162.74078369140625,199.43020629882812,135.32643127441406,65.39678192138672,True,False,False
North America,5666,-92.62620087645878,40.10177235533338,86.0,65.29364013671875,73.21856689453125,62.06497573852539,38.583740234375,96.25952911376953,67.08409118652344,20.79366111755371,False,False,False
North America,5681,-113.10949544343057,33.3483210805563,0.699999988079071,-9.552803039550781,10.993278503417969,9.232185363769531,5.1229705810546875,1.6007843017578125,3.479283094406128,8.148953437805176,False,True,False
North America,5690,-108.43290527469644,28.366757198103787,20.0,16.27655792236328,21.559837341308594,30.95233154296875,23.90796661376953,20.385780334472656,22.61649513244629,5.418521404266357,False,False,False
North America,5708,-80.25386029375798,38.3019395146349,562.9000244140625,229.36880493164062,221.15036010742188,289.8329772949219,116.51209259033203,328.5770263671875,237.0882568359375,80.62942504882812,True,False,False
North America,5720,-111.62112839405651,35.60359196489988,12.100000381469727,23.90796661376953,13.341407775878906,25.08202362060547,53.84654235839844,8.058128356933594,24.847213745117188,17.721141815185547,False,False,False
North America,5726,-111.99611838709659,32.44834648730304,6.0,10.40625,4.535942077636719,2.1878204345703125,12.167343139648438,10.993278503417969,8.058126449584961,4.412503242492676,False,False,False
North America,5727,-85.04136333563805,44.791363580456306,34.400001525878906,90.97624969482422,53.25951385498047,14.515464782714844,90.095703125,74.39262390136719,64.64791107177734,31.93230628967285,False,False,False
North America,5728,-117.39733614325134,41.05267003352409,20.799999237060547,18.03765106201172,6.297035217285156,12.754371643066406,7.471099853515625,8.645156860351562,10.64106273651123,4.797876358032227,False,False,False
North America,5732,-112.09860363023316,38.73885004705789,48.099998474121094,-3.095458984375,16.27655792236328,11.580314636230469,9.232185363769531,-9.552803039550781,4.888159275054932,10.789238929748535,False,True,False
North America,5737,-119.99164128237074,35.404954465063746,12.0,8.058128356933594,13.928436279296875,13.928436279296875,10.40625,1.0137557983398438,9.467000961303711,5.341658592224121,False,False,False
North America,5741,-86.63470016818209,39.38468012583297,42.599998474121094,60.89091110229492,69.9898910522461,87.16055297851562,33.30046081542969,67.05473327636719,63.6793098449707,19.57827377319336,False,False,False
North America,5745,-90.90387287962803,45.1274861787651,36.5,175.948974609375,154.81585693359375,62.65200424194336,131.92166137695312,175.948974609375,140.2574920654297,47.042022705078125,True,False,False
North America,5749,-83.2520546421533,37.1381312901903,82.19999694824219,70.87043762207031,75.56668090820312,137.35169982910156,59.71685028076172,183.286865234375,105.35850524902344,53.048404693603516,True,False,False
North America,5757,-105.97615267870489,38.81274902670057,27.5,37.40967559814453,10.993278503417969,20.972808837890625,63.239036560058594,15.689529418945312,29.66086769104004,21.25263023376465,False,False,False
North America,5779,-116.70332317392912,39.384965434675536,5.099999904632568,10.40625,5.7100067138671875,4.535942077636719,15.689529418945312,-0.7473373413085938,7.118878364562988,6.2208662033081055,False,True,False
North America,5782,-99.42193457132647,36.88222112888274,32.900001525878906,12.754371643066406,13.341407775878906,23.90796661376953,18.62468719482422,20.385780334472656,17.80284309387207,4.743706226348877,False,False,False
North America,5788,-90.86418622508779,45.049425114079796,153.6999969482422,90.68273162841797,-29.51184844970703,2.1878204345703125,-23.05451202392578,14.515464782714844,10.9639310836792,48.06314468383789,True,True,False
North America,5799,-125.67004721296098,54.250019891420465,16.700000762939453,296.8773498535156,252.26300048828125,164.79539489746094,303.9217224121094,300.3995361328125,263.65142822265625,59.11491775512695,True,False,False
North America,5802,-124.60006854543536,54.04996841672283,349.5,258.13330078125,266.35174560546875,169.78515625,300.3995361328125,234.65206909179688,245.86434936523438,48.62639617919922,True,False,False
North America,5807,-75.04639546217982,39.657813347187236,26.0,166.26296997070312,101.54280090332031,119.09870147705078,154.52235412597656,115.3380355834961,131.35296630859375,27.61711311340332,False,False,False
North America,5808,-106.58774066489151,32.30517583221807,10.0,-3.6824951171875,1.0137557983398438,10.993278503417969,14.515464782714844,8.058128356933594,6.17962646484375,7.418454647064209,False,True,False
North America,5810,-86.61828831682783,46.331128483166395,28.799999237060547,-72.95214080810547,28.604209899902344,106.82608032226562,67.93528747558594,61.77145767211914,38.43697738647461,68.18345642089844,True,True,False
North America,5823,-88.06838545012522,46.572466267156585,26.799999237060547,108.14690399169922,45.04107666015625,67.93528747558594,72.04450225830078,45.04107666015625,67.64176940917969,25.892656326293945,False,False,False
North America,5838,-86.01649579713374,38.86152873917888,21.5,70.28340911865234,68.22879791259766,74.68614196777344,67.34825134277344,103.45065307617188,76.79945373535156,15.165691375732422,False,False,False
North America,5849,-88.72003710871417,48.539998419919044,67.5,247.56675720214844,107.19297790527344,150.4131317138672,134.78343200683594,227.02066040039062,173.3953857421875,60.78422546386719,True,False,False
North America,5859,-120.95998580478906,38.25692510088329,24.0,15.689529418945312,41.518890380859375,21.559837341308594,47.682716369628906,37.9967041015625,32.88953399658203,13.634417533874512,False,False,False
North America,5871,-83.45140117630132,30.617194785028225,14.0,5.7100067138671875,10.40625,27.430145263671875,25.669052124023438,5.7100067138671875,14.985092163085938,10.747633934020996,False,False,False
North America,5872,-108.94160675934896,41.93447418125276,2.0,11.580314636230469,15.689529418945312,17.45062255859375,5.7100067138671875,-0.7473373413085938,9.936627388000488,7.487809181213379,False,True,False
North America,5889,-92.54777386725152,30.33307196137292,19.399999618530273,33.887489318847656,23.90796661376953,27.430145263671875,43.27998352050781,37.9967041015625,33.30045700073242,7.820960998535156,False,False,False
North America,5902,-108.25626012425586,45.91937082704062,38.0,11.580314636230469,28.604209899902344,8.645156860351562,26.843116760253906,19.798744201660156,19.094308853149414,8.896956443786621,False,False,False
North America,5910,-117.73616307437818,45.15920609456055,29.299999237060547,46.80216979980469,90.38922119140625,64.11958312988281,133.09571838378906,75.2731704711914,81.93596649169922,32.72987365722656,False,False,False
North America,5920,-92.99941416784522,40.00885465278468,59.599998474121094,23.90796661376953,31.53936767578125,30.95233154296875,22.733901977539062,43.27998352050781,30.482707977294922,8.191131591796875,False,False,False
North America,5938,-118.67003871904825,54.86997450350608,321.20001220703125,285.1367492675781,246.3927001953125,189.15716552734375,249.91488647460938,238.17425537109375,241.755126953125,34.45802688598633,False,False,False
North America,5953,-109.86198429676821,38.583024822445694,309.79998779296875,13.341407775878906,17.45062255859375,13.928436279296875,16.86359405517578,26.256088256835938,17.568029403686523,5.174537181854248,False,False,False
North America,5965,-106.64110942559142,36.95555357537214,38.400001525878906,71.75098419189453,23.32093048095703,42.692955017089844,92.88410186767578,29.778274536132812,52.08544921875,29.42995834350586,False,False,False
North America,5987,-115.8899439335408,51.120041592823995,14.0,340.3176574707031,322.70672607421875,320.35858154296875,279.26641845703125,225.25958251953125,297.581787109375,46.212425231933594,True,False,False
North America,6012,-108.85331802529879,36.016138766100354,40.0,62.65200424194336,43.27998352050781,42.692955017089844,135.29708862304688,29.778274536132812,62.74006271362305,42.224369049072266,False,False,False
North America,6013,-120.6799963802059,56.119998334286336,346.0,294.52923583984375,346.1879577636719,154.81585693359375,269.2868957519531,291.0070495605469,271.1654052734375,70.90255737304688,True,False,False
North America,6016,-116.93008005125829,60.92997760278681,359.0,283.9626770019531,415.4576110839844,261.6554870605469,342.665771484375,245.8056640625,309.9094543457031,69.50605773925781,True,False,False
North America,6046,-123.02922280711827,42.267522048064656,30.600000381469727,-4.8565521240234375,49.737327575683594,57.36872863769531,84.0786361694336,3.36187744140625,37.93800354003906,37.65839385986328,False,True,False
North America,6068,-111.92964699361268,38.70832497071014,25.700000762939453,19.798744201660156,23.32093048095703,26.843116760253906,21.559837341308594,29.191238403320312,24.142772674560547,3.84045672416687,False,False,False
North America,6069,-75.8195353135266,37.58214115984075,0.0,82.31754302978516,165.67593383789062,204.12646484375,152.0274658203125,167.7305450439453,154.37557983398438,44.662841796875,True,False,False
North America,6077,-117.6964260314518,45.13497071210148,57.400001525878906,9.819221496582031,88.04109191894531,69.10934448242188,142.04794311523438,67.93528747558594,75.39057922363281,47.42857360839844,True,False,False
North America,6093,-93.96667571938052,51.13057715128838,216.8000030517578,329.7510986328125,282.7886047363281,329.7510986328125,320.35858154296875,287.48486328125,310.02685546875,23.102487564086914,False,False,False
North America,6094,-104.15113632124411,32.45781450024413,8.800000190734863,-3.6824951171875,0.426727294921875,11.580314636230469,6.297035217285156,5.7100067138671875,4.066317558288574,5.861499309539795,False,True,False
North America,6114,-109.66786627290179,37.28310007071551,3.799999952316284,-4.8565521240234375,8.058128356933594,6.297035217285156,14.515464782714844,13.341407775878906,7.471096992492676,7.710019588470459,False,True,False
North America,6142,-89.01951120739199,34.640393710785425,82.5999984741211,30.95233154296875,40.344825744628906,52.37896728515625,28.017181396484375,73.51207733154297,45.04107666015625,18.539169311523438,False,False,False
North America,6145,-80.4897545839757,38.341144657072675,214.8000030517578,130.0504913330078,251.08892822265625,294.52923583984375,173.30734252929688,359.1026306152344,241.61572265625,91.93148040771484,True,False,False
North America,6147,-91.77385444671651,36.32279741491557,36.0,17.45062255859375,27.430145263671875,19.798744201660156,24.4949951171875,16.27655792236328,21.090213775634766,4.740070343017578,False,False,False
North America,6165,-114.49021058183223,34.99917460221934,2.9000000953674316,-1.9214019775390625,11.580314636230469,2.7748489379882812,5.1229705810546875,0.426727294921875,3.596691846847534,5.1778669357299805,False,True,False
North America,6195,-88.58688911389173,45.417177452613714,269.6000061035156,133.3892364501953,69.10934448242188,26.256088256835938,180.05819702148438,184.16741943359375,118.59605407714844,69.41117095947266,True,False,False
North America,6204,-114.43888540307283,34.97637736570084,4.300000190734863,-7.204673767089844,3.36187744140625,6.297035217285156,3.36187744140625,-6.030616760253906,-0.04290008544921875,6.134402275085449,False,True,True
North America,6230,-112.63671528978259,37.49198340491296,402.29998779296875,42.105918884277344,36.23561096191406,28.604209899902344,25.08202362060547,38.583740234375,34.1223030090332,7.07609748840332,False,False,False
North America,6232,-120.21393836807944,37.77457298917802,39.400001525878906,13.341407775878906,19.211715698242188,38.583740234375,25.669052124023438,20.385780334472656,23.438339233398438,9.532703399658203,False,False,False
North America,6233,-117.39877599534013,40.95600705781796,5.599999904632568,-0.7473373413085938,-3.095458984375,3.36187744140625,5.7100067138671875,-8.378746032714844,-0.629931628704071,5.52869987487793,False,True,True
North America,6243,-94.41840899577072,36.03832581212586,26.0,31.53936767578125,28.604209899902344,55.607635498046875,11.580314636230469,28.604209899902344,31.187145233154297,15.765907287597656,False,False,False
North America,6254,-112.68357045440185,39.68553225318154,13.300000190734863,13.928436279296875,12.754371643066406,-10.726860046386719,5.1229705810546875,5.1229705810546875,5.240377902984619,9.835175514221191,False,True,False
North America,6261,-111.26002534507225,54.060012639742325,400.0,253.43707275390625,266.93878173828125,69.10934448242188,192.38583374023438,326.2289123535156,221.6199951171875,97.62592315673828,True,False,False
North America,6271,-103.072521915308,29.63252922596339,8.800000190734863,6.884063720703125,11.580314636230469,4.535942077636719,8.645156860351562,8.058128356933594,7.940721035003662,2.5722410678863525,False,False,False
North America,6275,-121.39794971872509,44.22363623191049,13.0,3.94891357421875,6.884063720703125,2.1878204345703125,12.754371643066406,-1.9214019775390625,4.770753383636475,5.484891414642334,False,True,False
North America,6282,-112.0277550791225,32.54551349863713,1.2000000476837158,-4.8565521240234375,2.1878204345703125,-1.9214019775390625,-1.9214019775390625,5.7100067138671875,-0.16030578315258026,4.130130767822266,False,True,True
North America,6285,-106.748299667923,36.67667750749001,52.400001525878906,26.843116760253906,18.62468719482422,17.45062255859375,37.9967041015625,-1.9214019775390625,19.79874610900879,14.65815258026123,False,True,False
North America,6286,-112.26662107699794,34.45197922881116,8.199999809265137,-4.269523620605469,-0.7473373413085938,16.86359405517578,1.0137557983398438,-12.487953186035156,0.07450713962316513,10.725170135498047,False,True,False
North America,6316,-98.37088060092972,40.9500257465998,27.100000381469727,8.058128356933594,28.017181396484375,16.27655792236328,1.6007843017578125,33.887489318847656,17.56802749633789,13.440317153930664,False,False,False
North America,6346,-104.85112070074527,39.174483050522696,194.0,3.36187744140625,22.733901977539062,26.843116760253906,23.32093048095703,9.819221496582031,17.215808868408203,10.087713241577148,False,False,False
North America,6350,-83.52080040684213,36.61082357205503,60.400001525878906,8.058128356933594,-13.074989318847656,36.82264709472656,-11.313896179199219,7.471099853515625,5.592597961425781,20.119840621948242,False,True,False
North America,6361,-116.10996974336665,51.43998095703718,345.0,339.1435852050781,259.307373046875,299.2254638671875,438.9388427734375,262.2425231933594,319.77154541015625,74.10088348388672,True,False,False
North America,6368,-87.68339299642348,46.59143317766251,396.5,199.43020629882812,110.12813568115234,104.1844482421875,148.50527954101562,40.344825744628906,120.5185775756836,58.76414108276367,True,False,False
North America,6382,-119.88949931977791,41.594142632233115,13.899999618530273,10.40625,4.535942077636719,17.45062255859375,20.385780334472656,11.580314636230469,12.871782302856445,6.21809720993042,False,False,False
North America,6408,-145.36671907885074,62.05003988988223,215.5,191.5052947998047,271.635009765625,254.02410888671875,222.32443237304688,205.88755798339844,229.07528686523438,33.2735710144043,False,False,False
North America,6431,-86.2133491047668,37.134746710592125,32.79999923706055,18.03765106201172,41.518890380859375,20.972808837890625,28.017181396484375,66.1741943359375,34.94414520263672,19.66948127746582,False,False,False
North America,6435,-92.55220691039283,38.215135934107806,27.0,36.23561096191406,52.67247772216797,20.972808837890625,31.53936767578125,12.167343139648438,30.717519760131836,15.428977012634277,False,False,False
North America,6452,-91.55918208085401,36.461929875144726,31.0,28.017181396484375,31.53936767578125,29.191238403320312,27.430145263671875,20.972808837890625,27.43014907836914,3.9379234313964844,False,False,False
North America,6463,-93.92113591658848,45.17361685942301,55.900001525878906,72.63153076171875,93.47113037109375,36.82264709472656,137.42507934570312,27.430145263671875,73.55610656738281,44.59164810180664,True,False,False
North America,6465,-105.02722073916988,38.9122563311765,66.69999694824219,216.45411682128906,90.24246215820312,75.56668090820312,116.07182312011719,77.03426361083984,115.07386779785156,58.956295013427734,True,False,False
North America,6495,-107.56562232210787,25.718174538947814,17.0,10.993278503417969,20.385780334472656,26.843116760253906,36.82264709472656,16.27655792236328,22.2642765045166,9.991607666015625,False,False,False
North America,6517,-105.09642932391286,39.591646358394655,22.600000381469727,17.45062255859375,15.102500915527344,18.62468719482422,31.53936767578125,-6.030616760253906,15.337312698364258,13.55012035369873,False,True,False
North America,6570,-87.31422856837207,45.61418260571442,100.0,168.3175811767578,219.97628784179688,157.01722717285156,143.95579528808594,224.08551025390625,182.6704864501953,36.979217529296875,False,False,False
North America,6624,-85.73504691053807,38.77663749356849,32.70000076293945,50.03083801269531,55.020599365234375,58.8363037109375,8.645156860351562,77.32777404785156,49.97213363647461,25.299772262573242,False,False,False
North America,6638,-91.08453147834234,44.79722729062957,31.899999618530273,74.97966003417969,-9.552803039550781,13.928436279296875,47.09568786621094,23.90796661376953,30.071788787841797,32.30804443359375,False,True,False
North America,6653,-112.74640496714709,39.68946917074433,3.200000047683716,3.36187744140625,12.167343139648438,3.36187744140625,12.167343139648438,6.297035217285156,7.471095085144043,4.451383113861084,False,False,False
North America,6682,-105.28111667986556,38.91940058161054,27.600000381469727,35.061553955078125,22.146873474121094,24.4949951171875,55.607635498046875,21.559837341308594,31.774181365966797,14.394832611083984,False,False,False
North America,6706,-118.79107894200502,38.16736028600693,4.599999904632568,-0.160308837890625,3.36187744140625,-4.8565521240234375,0.426727294921875,-5.4435882568359375,-1.3343689441680908,3.735842227935791,False,True,True
North America,6738,-122.9711332360601,42.28445385599824,45.400001525878906,16.86359405517578,82.90457153320312,73.80558776855469,105.94554138183594,46.80216979980469,65.26429748535156,34.360496520996094,False,False,False
North America,6744,-77.90779691880748,41.80833986223399,383.3999938964844,76.15371704101562,107.92676544189453,47.682716369628906,86.27999877929688,119.66738891601562,87.5421142578125,28.140840530395508,False,False,False
North America,6753,-119.69584621115493,39.948764020058796,54.900001525878906,7.471099853515625,10.40625,9.819221496582031,15.689529418945312,13.928436279296875,11.462907791137695,3.3051445484161377,False,False,False
North America,6759,-110.96445102838591,31.385257810115665,19.299999237060547,12.754371643066406,8.645156860351562,19.798744201660156,13.341407775878906,10.40625,12.98918628692627,4.245333671569824,False,False,False
North America,6764,-112.22056667833952,34.54857368973296,11.800000190734863,-0.160308837890625,3.36187744140625,16.86359405517578,9.232185363769531,3.36187744140625,6.5318450927734375,6.688033580780029,False,True,False
North America,6778,-124.82995718572445,53.99997392616858,17.399999618530273,168.3175811767578,95.52574157714844,187.39608764648438,221.15036010742188,69.10934448242188,148.29983520507812,63.82136154174805,True,False,False
North America,6781,-119.57771526925318,40.86058212774763,30.5,1.6007843017578125,3.36187744140625,10.40625,19.211715698242188,14.515464782714844,9.819218635559082,7.413809299468994,False,False,False
North America,6791,-116.17001014774235,51.61998952063287,413.0,45.62810516357422,40.344825744628906,12.754371643066406,19.798744201660156,-4.8565521240234375,22.733898162841797,20.63812255859375,False,True,False
North America,6795,-92.13053447044057,38.0361258736324,47.0,47.976234436035156,38.583740234375,35.648582458496094,43.27998352050781,49.150291442871094,42.927764892578125,5.834980487823486,False,False,False
North America,6820,-106.57922445505649,32.43237185781553,8.300000190734863,-6.617652893066406,9.819221496582031,3.94891357421875,2.1878204345703125,3.94891357421875,2.6574432849884033,5.934535026550293,False,True,False
North America,6831,-112.25886890988944,37.32031611463839,5.5,19.211715698242188,14.515464782714844,16.86359405517578,17.45062255859375,23.90796661376953,18.389873504638672,3.512390375137329,False,False,False
North America,6844,-112.04918426845904,34.67388655567279,16.799999237060547,6.297035217285156,19.211715698242188,29.191238403320312,20.972808837890625,6.884063720703125,16.511371612548828,9.810619354248047,False,False,False
North America,6849,-78.99689224765734,41.32057202935348,100.0,133.68275451660156,192.97286987304688,99.63495635986328,143.51551818847656,312.1401672363281,176.38925170898438,82.91423034667969,True,False,False
North America,6865,-112.73160462039694,27.396470964264317,4.0,-10.726860046386719,-6.030616760253906,8.058128356933594,20.972808837890625,-0.7473373413085938,2.305224657058716,12.552033424377441,False,True,False
North America,6872,-94.38513898383822,35.951177919729155,25.0,12.167343139648438,34.474517822265625,37.40967559814453,7.471099853515625,16.86359405517578,21.67724609375,13.478720664978027,False,False,False
North America,6885,-74.583070121953,39.49470657083219,257.20001220703125,120.93317413330078,153.05477905273438,350.8841857910156,236.4131622314453,191.2117919921875,210.49942016601562,89.5452651977539,True,False,False
North America,6886,-93.33695556195865,45.85353829771425,39.0,67.93528747558594,69.9898910522461,32.12639617919922,87.60082244873047,79.0888671875,67.34825134277344,21.1890926361084,False,False,False
North America,6901,-112.89910835941696,33.333141234582115,0.8999999761581421,-2.5084304809570312,10.40625,2.1878204345703125,-6.030616760253906,1.0137557983398438,1.0137557983398438,6.156832218170166,False,True,False
North America,6902,-93.97728311465472,35.884329417630624,28.0,55.607635498046875,33.30046081542969,49.737327575683594,36.82264709472656,36.82264709472656,42.4581413269043,9.660181999206543,False,False,False
North America,6907,-149.52294269920404,68.5431414739504,428.1000061035156,296.8773498535156,144.98309326171875,190.91827392578125,248.74081420898438,202.36537170410156,216.7769775390625,58.02690124511719,True,False,False
North America,6931,-113.00162910086304,46.724975547649386,53.29999923706055,97.14007568359375,82.0240249633789,78.20832824707031,156.43020629882812,88.04109191894531,100.3687515258789,32.143798828125,False,False,False
North America,6939,-88.58585541064541,45.466968866602784,405.0,104.84485626220703,69.9898910522461,-6.030616760253906,154.52235412597656,204.7135009765625,105.60799407958984,80.54024505615234,True,True,False
North America,6959,-123.51665579045357,41.20001801094854,31.899999618530273,28.604209899902344,35.061553955078125,73.51207733154297,81.73051452636719,39.17076873779297,51.61582565307617,24.211557388305664,False,False,False
North America,6973,-89.11872702642411,38.710032179010916,16.0,35.061553955078125,23.32093048095703,26.843116760253906,28.604209899902344,37.9967041015625,30.36530113220215,6.029582977294922,False,False,False
North America,6988,-112.24859219857656,34.520516816111176,1.600000023841858,2.1878204345703125,9.819221496582031,16.27655792236328,6.884063720703125,-6.617652893066406,5.7100019454956055,8.577485084533691,False,True,False
North America,6999,-120.93133660631611,38.25164746712436,37.0,16.86359405517578,32.12639617919922,21.559837341308594,40.931861877441406,50.91138458251953,32.478614807128906,13.913994789123535,False,False,False
North America,7004,-90.37264839213849,39.172429968899216,36.70000076293945,50.61787414550781,12.754371643066406,-51.81902313232422,22.146873474121094,19.211715698242188,10.582362174987793,37.78126907348633,False,True,False
North America,7005,-116.04995859046713,54.57001715182775,375.0,278.0923767089844,175.948974609375,201.19131469726562,279.26641845703125,174.18788146972656,221.73739624023438,53.068702697753906,True,False,False
North America,7027,-119.03331604061223,40.13389339693895,2.9000000953674316,3.94891357421875,22.146873474121094,6.884063720703125,-5.4435882568359375,-0.7473373413085938,5.357785224914551,10.489639282226562,False,True,False
North America,7045,-114.65469984583737,35.081705844005825,3.799999952316284,-5.4435882568359375,16.27655792236328,2.1878204345703125,-0.160308837890625,-1.9214019775390625,2.1878159046173096,8.353597640991211,False,True,False
North America,7046,-74.77275379721793,39.60137562127639,292.5,94.4984359741211,102.57011413574219,298.0514221191406,142.92848205566406,187.68960571289062,165.14761352539062,83.02484893798828,True,False,False
North America,7058,-92.68055030078678,36.27772269599957,29.0,34.474517822265625,18.62468719482422,36.23561096191406,40.931861877441406,44.45404815673828,34.94414520263672,9.93106460571289,False,False,False
North America,7062,-102.46663454410698,34.34087478869853,14.0,-0.7473373413085938,12.167343139648438,-13.074989318847656,13.928436279296875,3.94891357421875,3.2444732189178467,10.9146728515625,False,True,False
North America,7070,-114.24132438854686,35.057768373793095,5.900000095367432,-6.030616760253906,0.426727294921875,6.884063720703125,6.884063720703125,1.6007843017578125,1.9530044794082642,5.357762813568115,False,True,False
North America,7094,-92.75766221975994,40.085724450898354,45.0,36.82264709472656,27.430145263671875,46.80216979980469,29.778274536132812,42.105918884277344,36.58782958984375,8.140491485595703,False,False,False
North America,7118,-96.52091445970336,35.48170718810776,14.899999618530273,19.798744201660156,20.972808837890625,31.53936767578125,30.36530303955078,6.884063720703125,21.912057876586914,9.9414701461792,False,False,False
North America,7119,-110.07557937525404,34.86940119902498,7.099999904632568,9.819221496582031,14.515464782714844,5.1229705810546875,10.993278503417969,17.45062255859375,11.58031177520752,4.6962480545043945,False,False,False
North America,7152,-79.3985661983184,38.99219334643414,546.4000244140625,217.0411376953125,357.9285583496094,314.48828125,163.32781982421875,516.4269409179688,313.84259033203125,136.93942260742188,True,False,False
North America,7194,-79.59915197144073,39.10785900974127,546.2999877929688,122.15538787841797,293.35516357421875,306.26983642578125,132.87557983398438,422.5019836425781,255.4315948486328,127.19843292236328,True,False,False
North America,7200,-92.45000860397603,49.60275527493125,287.70001220703125,202.36537170410156,63.239036560058594,86.27999877929688,171.83975219726562,209.99676513671875,146.74417114257812,67.73739624023438,True,False,False
North America,7206,-91.96940533516629,50.597195721787514,301.8999938964844,272.2220458984375,246.3927001953125,231.1298828125,293.35516357421875,256.3722229003906,259.8944091796875,23.94625473022461,False,False,False
North America,7207,-92.48602180272948,49.54724313315977,308.0,227.02066040039062,126.62003326416016,211.75787353515625,207.06161499023438,175.948974609375,189.6818389892578,39.840240478515625,False,False,False
North America,7226,-108.83996610022655,36.341384236455255,2.5,8.058128356933594,16.27655792236328,5.7100067138671875,11.580314636230469,1.6007843017578125,8.645158767700195,5.599917888641357,False,False,False
North America,7228,-102.16469471044613,39.171696283831636,22.600000381469727,19.211715698242188,16.86359405517578,3.36187744140625,13.341407775878906,19.211715698242188,14.398061752319336,6.620711326599121,False,False,False
North America,7244,-104.39135030338561,32.494476593243974,12.100000381469727,9.819221496582031,13.341407775878906,4.535942077636719,9.232185363769531,10.40625,9.467000961303711,3.177568197250366,False,False,False
North America,7250,-72.4405944415089,42.990512367329345,79.0,194.73397827148438,246.97972106933594,111.15544128417969,215.86708068847656,316.8363952636719,217.11453247070312,75.11017608642578,True,False,False
North America,7258,-117.58005213853612,57.05996114241865,250.0,242.28347778320312,293.35516357421875,65.29364013671875,232.8909912109375,288.6589050292969,224.49642944335938,92.99290466308594,True,False,False
North America,7279,-104.33000155295423,32.413337636398545,5.900000095367432,9.232185363769531,11.580314636230469,9.819221496582031,18.62468719482422,8.645156860351562,11.580312728881836,4.088199615478516,False,False,False
North America,7282,-120.53437311168321,40.8665560267389,31.100000381469727,6.884063720703125,1.0137557983398438,31.53936767578125,23.90796661376953,2.7748489379882812,13.224000930786133,13.67542839050293,False,False,False
North America,7321,-109.28002185147598,31.887535538650777,174.3000030517578,-7.791709899902344,44.45404815673828,63.53255081176758,64.11958312988281,3.36187744140625,33.53527069091797,33.811275482177734,False,True,False
North America,7326,-107.89968273760367,47.86752148561691,45.0,27.430145263671875,22.146873474121094,16.86359405517578,28.604209899902344,-2.5084304809570312,18.507278442382812,12.640944480895996,False,True,False
North America,7359,-103.60615703874039,31.45833924170197,17.0,-1.9214019775390625,22.733901977539062,-1.9214019775390625,3.36187744140625,3.36187744140625,5.1229705810546875,10.193062782287598,False,True,False
North America,7392,-113.22438929095998,37.48354844464201,6.099999904632568,-6.617652893066406,9.232185363769531,1.6007843017578125,1.0137557983398438,9.232185363769531,2.892251491546631,6.6337103843688965,False,True,False
North America,7422,-119.61017025434367,37.851622280096436,29.100000381469727,77.03426361083984,94.05815887451172,65.00012969970703,96.55303955078125,62.65200424194336,79.05952453613281,15.826852798461914,False,False,False
North America,7427,-88.97890419712542,34.65764916030818,86.9000015258789,9.232185363769531,13.341407775878906,14.515464782714844,4.535942077636719,16.27655792236328,11.58031177520752,4.714555740356445,False,False,False
North America,7429,-81.6286535902462,30.704387217215718,15.5,64.41310119628906,38.583740234375,76.74075317382812,82.31754302978516,24.4949951171875,57.310028076171875,24.90423011779785,False,False,False
North America,7451,-113.12634978033618,37.13946262983511,12.899999618530273,6.884063720703125,8.645156860351562,16.27655792236328,17.45062255859375,15.689529418945312,12.98918628692627,4.851448059082031,False,False,False
North America,7462,-79.93251229959917,38.44860325065963,553.0999755859375,209.4097442626953,212.9319305419922,289.8329772949219,96.25952911376953,339.1435852050781,229.5155487060547,92.32134246826172,True,False,False
North America,7510,-110.3932013331523,27.418178526809125,6.0,-8.965766906738281,-3.6824951171875,-1.3343658447265625,9.819221496582031,5.7100067138671875,0.3093200623989105,7.487809658050537,False,True,False
North America,7538,-91.6857753910738,46.360572199371596,44.400001525878906,-117.56649017333984,-37.73029327392578,50.32435607910156,98.90116882324219,-28.337791442871094,-6.881810188293457,83.85354614257812,True,True,True
North America,7557,-86.42657178880391,39.376632035026695,35.900001525878906,64.70661926269531,79.38238525390625,68.81582641601562,40.931861877441406,61.477943420410156,63.06292724609375,14.0927152633667,False,False,False
North America,7572,-111.55199075114308,46.0673618971979,9.699999809265137,20.972808837890625,29.778274536132812,23.90796661376953,28.604209899902344,14.515464782714844,23.555744171142578,6.179182052612305,False,False,False
North America,7575,-77.61970826656712,41.5250116647481,449.0,126.93189239501953,185.63499450683594,129.16995239257812,163.0343017578125,309.7920227050781,182.91262817382812,75.03842163085938,True,False,False
North America,7605,-121.05694579876227,38.31083646273813,29.5,29.191238403320312,35.648582458496094,10.40625,40.344825744628906,28.604209899902344,28.839019775390625,11.387492179870605,False,False,False
North America,7611,-85.14970672278382,44.66857907466132,18.0,-111.6961898803711,-52.99309539794922,61.77145767211914,-14.249046325683594,20.385780334472656,-19.356220245361328,66.79318237304688,True,True,True
North America,7617,-92.52800631429552,30.268299708594572,41.79999923706055,38.583740234375,28.017181396484375,30.95233154296875,35.648582458496094,32.71342468261719,33.18305206298828,4.096619129180908,False,False,False
North America,7618,-114.4577854746994,37.45857035106833,28.600000381469727,37.40967559814453,16.86359405517578,14.515464782714844,29.778274536132812,9.819221496582031,21.67724609375,11.491421699523926,False,False,False
North America,7620,-116.00997491540309,51.29997951646026,175.6999969482422,194.14694213867188,185.04795837402344,92.4438247680664,187.98312377929688,268.1128234863281,185.5469207763672,62.38080596923828,True,False,False
North America,7635,-125.52005604301898,54.229965741752636,234.10000610351562,259.307373046875,195.90802001953125,269.2868957519531,241.10940551757812,286.310791015625,250.38449096679688,34.57358169555664,False,False,False
North America,7639,-125.47003445067082,54.23001294528079,530.0,142.1947021484375,95.81925201416016,136.76466369628906,159.51211547851562,92.15031433105469,125.28822326660156,29.81339454650879,False,False,False
North America,7647,-90.58608624085171,36.06919193492439,15.100000381469727,37.9967041015625,26.843116760253906,20.385780334472656,12.754371643066406,18.03765106201172,23.20352554321289,9.694012641906738,False,False,False
North America,7649,-79.90807832273708,39.65836611714822,16.299999237060547,50.32435607910156,54.14006042480469,55.020599365234375,53.84654235839844,74.39262390136719,57.544837951660156,9.586773872375488,False,False,False
North America,7703,-124.1698598821452,47.97370662688809,70.0,383.7579345703125,296.8773498535156,376.71356201171875,511.7306823730469,260.4814453125,365.9122009277344,96.92732238769531,True,False,False
North America,7729,-149.1836803598618,68.50828352364711,333.8999938964844,176.82952880859375,114.67761993408203,268.1128234863281,222.32443237304688,105.79878234863281,177.54864501953125,69.47673797607422,True,False,False
North America,7733,-91.73556293303417,45.16529076310976,16.600000381469727,53.25951385498047,-10.139839172363281,39.17076873779297,131.5547637939453,48.563262939453125,52.48169708251953,50.90959548950195,True,True,False
North America,7780,-99.83926574013603,39.42232370213085,12.899999618530273,24.4949951171875,20.972808837890625,0.426727294921875,46.80216979980469,-3.6824951171875,17.802841186523438,20.367521286010742,False,True,False
North America,7804,-85.83144540703192,38.56884602155976,62.0,84.81242370605469,67.64176940917969,113.72369384765625,59.71685028076172,104.62471771240234,86.10389709472656,23.15528106689453,False,False,False
North America,7812,-80.10589111080998,39.767186938523864,38.599998474121094,162.447265625,138.5257568359375,231.7169189453125,68.22879791259766,134.04965209960938,146.99368286132812,58.864253997802734,True,False,False
North America,7815,-118.49195772316357,35.1319089498436,14.699999809265137,9.232185363769531,21.559837341308594,26.843116760253906,10.40625,3.36187744140625,14.28065299987793,9.624444007873535,False,False,False
North America,7831,-102.2347669195206,48.54805979623818,76.5999984741211,64.41310119628906,37.9967041015625,20.385780334472656,67.05473327636719,33.887489318847656,44.74755859375,20.256818771362305,False,False,False
North America,7833,-125.57005763363674,54.19995997398085,571.5,255.78518676757812,134.8568115234375,129.16995239257812,243.45753479003906,68.81582641601562,166.4170684814453,80.36058807373047,True,False,False
North America,7840,-77.5022301137015,41.200267384973145,57.5,183.8739013671875,111.74246978759766,144.54281616210938,163.62132263183594,131.04110717773438,146.96432495117188,28.016799926757812,False,False,False
North America,7859,-108.93080163869247,39.27801711032149,11.399999618530273,6.297035217285156,19.798744201660156,4.535942077636719,9.819221496582031,11.580314636230469,10.406251907348633,5.943234443664551,False,False,False
North America,7884,-120.59652513918006,38.081449507604034,33.599998474121094,34.474517822265625,42.692955017089844,12.754371643066406,37.40967559814453,39.75779724121094,33.41786575317383,11.939986228942871,False,False,False
North America,7886,-108.14826606072356,45.814654794229575,21.299999237060547,31.53936767578125,26.843116760253906,26.843116760253906,39.17076873779297,15.102500915527344,27.8997745513916,8.750503540039062,False,False,False
North America,7939,-80.12056599305626,39.779192214098856,52.400001525878906,73.80558776855469,87.89433288574219,106.60594940185547,48.563262939453125,74.39262390136719,78.25235748291016,21.28971290588379,False,False,False
North America,7951,-120.01301071720776,40.20067256777245,24.5,3.94891357421875,-1.9214019775390625,-0.7473373413085938,10.40625,-1.9214019775390625,1.9530044794082642,5.309305667877197,False,True,False
North America,7980,-99.18994883558574,49.940027378145544,65.5999984741211,204.7135009765625,264.59063720703125,213.51895141601562,200.60427856445312,194.44046020507812,215.5735626220703,28.264480590820312,False,False,False
Europe,9,-7.925008893671472,38.02550382721054,83.69999694824219,19.798744201660156,32.12639617919922,52.67247772216797,25.08202362060547,33.887489318847656,32.71342849731445,12.501140594482422,False,False,False
Europe,11,24.46673618890317,58.93332529544687,70.69999694824219,272.2220458984375,179.47116088867188,261.0684509277344,181.2322540283203,333.2732849121094,245.4534454345703,65.48040771484375,True,False,False
Europe,22,9.796705705969794,46.76051742938544,95.30000305175781,246.3927001953125,154.66909790039062,268.1128234863281,221.73739624023438,132.87557983398438,204.7575225830078,58.54819107055664,True,False,False
Europe,74,9.18383221767006,47.63311356898337,35.0,74.39262390136719,103.597412109375,37.9967041015625,37.9967041015625,89.80218505859375,68.75712585449219,29.92033576965332,False,False,False
Europe,93,27.450319789294497,62.871388885143915,524.9000244140625,286.310791015625,293.35516357421875,254.02410888671875,303.9217224121094,188.5701446533203,265.23638916015625,46.73002243041992,True,False,False
Europe,135,4.868807398874419,50.67958024897645,8.699999809265137,249.32785034179688,280.44049072265625,26.843116760253906,63.82606887817383,85.25270080566406,141.13803100585938,115.40564727783203,True,False,False
Europe,145,6.393729194012899,51.833977551819785,30.0,47.389198303222656,48.563262939453125,16.86359405517578,20.385780334472656,80.84996032714844,42.810359954833984,25.870685577392578,False,False,False
Europe,146,4.545435313828104,50.63008558904902,12.600000381469727,184.46092224121094,227.02066040039062,182.99334716796875,173.60086059570312,176.82952880859375,188.98106384277344,21.72271728515625,False,False,False
Europe,228,7.7791315175345,47.5041208551865,118.0,63.239036560058594,43.86701202392578,63.239036560058594,54.14006042480469,76.44723510742188,60.18647384643555,12.103022575378418,False,False,False
Europe,250,4.772753871402677,50.59851715122958,10.899999618530273,161.27320861816406,202.36537170410156,59.71685028076172,95.81925201416016,123.56563568115234,128.54806518554688,55.57352066040039,True,False,False
Europe,273,8.776850923057957,47.67560313265329,29.600000381469727,161.56671142578125,122.43743896484375,83.19808959960938,233.47801208496094,78.79535675048828,135.89511108398438,64.03108978271484,True,False,False
Europe,288,5.016236896793489,50.79341502092993,10.399999618530273,127.15203094482422,199.43020629882812,42.692955017089844,99.928466796875,133.2424774169922,120.4892349243164,56.819278717041016,True,False,False
Europe,298,9.416865388045341,47.526058674576,17.0,79.0888671875,93.61788940429688,29.778274536132812,102.8636245727539,80.84996032714844,77.2397232055664,28.257169723510742,False,False,False
Europe,315,20.6603289315879,48.158924042189234,43.70000076293945,70.57691955566406,37.40967559814453,80.55644989013672,50.32435607910156,74.97966003417969,62.7694091796875,18.19630241394043,False,False,False
Europe,325,5.013821185312118,50.73058888082508,11.199999809265137,104.40457916259766,217.0411376953125,43.86701202392578,125.02404022216797,175.0684356689453,133.08103942871094,66.44290161132812,True,False,False
Europe,328,6.885361976668698,52.379367843012005,124.0,94.93870544433594,93.91140747070312,114.82437896728516,63.239036560058594,133.31585693359375,100.04588317871094,26.190427780151367,False,False,False
Europe,336,4.5858557790533645,50.58745149276404,10.699999809265137,144.54281616210938,140.87387084960938,-0.160308837890625,40.931861877441406,50.61787414550781,75.36122131347656,64.37995910644531,True,True,False
Europe,347,3.629182027066076,47.87204216700937,90.0,55.020599365234375,27.430145263671875,30.95233154296875,42.105918884277344,37.9967041015625,38.701141357421875,10.787641525268555,False,False,False
Europe,356,4.6799600144535045,50.635508261510125,12.199999809265137,134.41653442382812,232.303955078125,57.07521057128906,135.73736572265625,192.97286987304688,150.50119018554688,66.5218734741211,True,False,False
Europe,371,7.86319483602919,47.48536917552992,175.0,74.09910583496094,76.44723510742188,25.669052124023438,111.6690902709961,23.32093048095703,62.24108123779297,37.54280090332031,False,False,False
Europe,388,9.104533256465706,46.23442892275502,32.0,63.239036560058594,32.71342468261719,28.017181396484375,124.23522186279297,30.36530303955078,55.71403121948242,40.897682189941406,False,False,False
Europe,440,19.252431604936408,49.55475159462462,270.6000061035156,251.67596435546875,262.8295593261719,168.3175811767578,172.13327026367188,154.2288360595703,201.83702087402344,51.17717742919922,True,False,False
Europe,447,9.152050941187218,47.644587245891735,39.0,103.45065307617188,66.1741943359375,59.71685028076172,149.9728546142578,189.45068359375,113.7530517578125,55.52432632446289,True,False,False
Europe,453,22.049981530406246,38.883297827156255,216.0,8.058128356933594,9.232185363769531,17.45062255859375,6.297035217285156,-4.269523620605469,7.353689670562744,7.781205177307129,False,True,False
Europe,484,9.626679698013609,46.39358687958417,87.9000015258789,101.83631896972656,42.692955017089844,49.443809509277344,59.129817962646484,45.62810516357422,59.7462043762207,24.332237243652344,False,False,False
Europe,500,8.099979627372736,46.64996013169777,249.0,158.48480224609375,132.58206176757812,103.81755065917969,172.42678833007812,97.43359375,132.94894409179688,32.865989685058594,False,False,False
Europe,533,15.828459285407668,51.017791880324054,198.60000610351562,84.81242370605469,79.0888671875,109.8346176147461,77.62129211425781,85.25270080566406,87.32197570800781,13.031558990478516,False,False,False
Europe,534,9.530421005782262,46.92755364804793,80.0999984741211,145.42337036132812,101.39604949951172,87.60082244873047,67.34825134277344,65.00012969970703,93.35372161865234,32.74612045288086,False,False,False
Europe,547,9.669557888626901,46.83494477487826,73.0,161.27320861816406,158.33804321289062,120.07096862792969,121.24044799804688,148.50527954101562,141.88558959960938,19.95296287536621,False,False,False
Europe,563,30.188818811012318,62.541703963068095,461.8999938964844,268.6998596191406,182.11280822753906,121.5660629272461,238.76129150390625,127.22541046142578,187.67308044433594,65.63215637207031,True,False,False
Europe,567,8.664763295115627,47.01378033575114,42.0,54.433570861816406,74.09910583496094,43.27998352050781,77.91481018066406,100.5155029296875,70.04859924316406,22.174896240234375,False,False,False
Europe,660,7.785178495695026,47.437688439574195,91.0,57.95575714111328,54.14006042480469,47.09568786621094,40.344825744628906,35.648582458496094,47.03697967529297,9.275739669799805,False,False,False
Europe,703,9.1116980551433,46.37769993788779,97.0,116.14520263671875,162.74078369140625,241.69644165039062,134.269775390625,182.11280822753906,167.3929901123047,48.68983840942383,True,False,False
Europe,725,7.758344249920921,47.52405345764471,124.0,93.61788940429688,75.56668090820312,100.80902099609375,87.60082244873047,101.10253143310547,91.73939514160156,10.63178825378418,False,False,False
Europe,740,8.682264182970039,47.67529021756057,34.79999923706055,97.87386322021484,113.8337631225586,64.11958312988281,93.1776123046875,87.0137939453125,91.20372009277344,18.108091354370117,False,False,False
Europe,743,9.416144048999564,47.502036705569175,47.0,77.91481018066406,88.04109191894531,35.648582458496094,119.26380157470703,102.12983703613281,84.59962463378906,31.470813751220703,False,False,False
Europe,745,4.603369439834831,50.54988722639618,11.899999618530273,59.423336029052734,147.4779815673828,26.843116760253906,71.16395568847656,73.21856689453125,75.6253890991211,44.24564743041992,True,False,False
Europe,746,4.806766852188471,50.73011476751525,12.399999618530273,262.8295593261719,225.25958251953125,52.67247772216797,85.25270080566406,116.54878234863281,148.51260375976562,91.05945587158203,True,False,False
Europe,770,8.796849652489957,47.67168129229544,23.200000762939453,208.8227081298828,134.78343200683594,117.37429809570312,138.8926544189453,72.3380126953125,134.44223022460938,49.24587631225586,True,False,False
Europe,806,29.583328439573805,45.299963091385244,17.0,15.102500915527344,23.32093048095703,35.648582458496094,19.211715698242188,19.798744201660156,22.61649513244629,7.847354412078857,False,False,False
Europe,809,4.743296901830223,50.75338566736398,10.300000190734863,70.87043762207031,144.98309326171875,6.884063720703125,45.62810516357422,49.443809509277344,63.5619010925293,51.029754638671875,True,False,False
Europe,846,9.481799454470321,46.7934134513283,111.0,41.518890380859375,108.3670425415039,47.389198303222656,71.75098419189453,52.96599578857422,64.39842224121094,27.068370819091797,False,False,False
Europe,899,4.965835558835261,50.613316231811304,9.300000190734863,89.94894409179688,180.93873596191406,22.146873474121094,65.00012969970703,140.21347045898438,99.6496353149414,62.3592643737793,True,False,False
Europe,907,9.529655107420357,46.849806140570394,48.099998474121094,71.75098419189453,58.542789459228516,32.71342468261719,50.32435607910156,19.211715698242188,46.5086555480957,20.808570861816406,False,False,False
Europe,914,6.843382666271274,52.89221625538817,367.0,14.515464782714844,211.75787353515625,125.40928649902344,118.6584243774414,227.02066040039062,139.4723358154297,85.34505462646484,True,False,False
Europe,942,4.926367850184737,50.62989523076941,13.300000190734863,61.77145767211914,132.435302734375,12.167343139648438,59.129817962646484,54.433570861816406,63.98749542236328,43.27301788330078,True,False,False
Europe,971,24.616739896268147,45.59999077477361,172.0,251.67596435546875,151.4404296875,293.35516357421875,232.8909912109375,177.71006774902344,221.41452026367188,57.07313919067383,True,False,False
Europe,977,4.846411894329908,50.55608991284549,11.399999618530273,119.96089935302734,187.98312377929688,49.150291442871094,113.35680389404297,200.60427856445312,134.21109008789062,61.588951110839844,True,False,False
Europe,1007,14.056040226855263,46.09323754483584,268.0,93.61788940429688,67.34825134277344,91.12300872802734,118.21815490722656,116.65885162353516,97.39323425292969,20.982797622680664,False,False,False
Europe,1019,1.7724543862054243,48.64571549501772,53.79999923706055,61.477943420410156,8.058128356933594,24.4949951171875,16.86359405517578,-13.074989318847656,19.563934326171875,27.322492599487305,False,True,False
Europe,1021,9.622058714143398,46.57045442443348,192.0,274.5701904296875,305.0957946777344,352.0582580566406,308.61798095703125,273.3961181640625,302.7476806640625,32.12083435058594,False,False,False
Europe,1024,10.326931569823442,46.829841152988685,86.0,74.39262390136719,97.14007568359375,85.39945983886719,97.87386322021484,107.7800064086914,92.51720428466797,12.866434097290039,False,False,False
Europe,1038,9.098917789179197,46.21292394001069,133.0,84.0786361694336,136.03086853027344,106.23905181884766,85.39945983886719,95.37898254394531,101.4253921508789,21.30146598815918,False,False,False
Europe,1064,9.941095035441034,36.92332336026316,14.199999809265137,8.058128356933594,19.798744201660156,15.102500915527344,13.928436279296875,-0.160308837890625,11.345499992370605,7.67193603515625,False,True,False
Europe,1101,19.962942138742875,46.749772430497785,7.199999809265137,22.146873474121094,29.778274536132812,29.191238403320312,40.344825744628906,38.583740234375,32.00899124145508,7.464761257171631,False,False,False
Europe,1146,15.210192190284948,46.257503385556504,39.0,103.81755065917969,244.04457092285156,66.1741943359375,67.64176940917969,156.87046813964844,127.709716796875,74.74918365478516,True,False,False
Europe,1159,4.901302541417916,50.713051672326756,8.399999618530273,60.0103645324707,131.48138427734375,19.798744201660156,61.477943420410156,66.1741943359375,67.78852844238281,40.1955451965332,False,False,False
Europe,1171,4.804177929563042,50.662701007313366,12.199999809265137,217.628173828125,252.26300048828125,50.32435607910156,146.15716552734375,221.73739624023438,177.6220245361328,81.10590362548828,True,False,False
Europe,1173,4.942773919512933,50.78413921547932,11.5,202.952392578125,250.50192260742188,94.05815887451172,128.6929931640625,192.67935180664062,173.77694702148438,62.21510314941406,True,False,False
Europe,1188,4.809841446956065,50.603882732366166,12.300000190734863,280.44049072265625,279.26641845703125,85.25270080566406,95.23222351074219,194.44046020507812,186.9264678955078,94.96498107910156,True,False,False
Europe,1192,15.891686681122534,50.9247009566915,348.3000183105469,175.65545654296875,255.78518676757812,147.4779815673828,179.17764282226562,217.628173828125,195.1448974609375,42.1000862121582,False,False,False
Europe,1195,8.887824849229636,47.55168566390217,34.0,88.33460998535156,97.14007568359375,74.39262390136719,103.01038360595703,79.38238525390625,88.45201110839844,11.909732818603516,False,False,False
Europe,1233,0.7999921328349142,51.666717030307325,77.0,15.102500915527344,72.3380126953125,47.389198303222656,18.62468719482422,28.017181396484375,36.29431915283203,23.72795867919922,False,False,False
Europe,1237,16.113655977934755,50.68006975946037,253.19000244140625,142.78172302246094,274.5701904296875,186.22201538085938,246.3927001953125,87.16055297851562,187.42544555664062,76.02450561523438,True,False,False
Europe,1261,5.750140035762911,50.78785758601282,387.0,56.194664001464844,126.60169219970703,37.40967559814453,82.61105346679688,48.269744873046875,70.21736145019531,35.663265228271484,False,False,False
Europe,1271,4.790705166448044,50.71768135638712,9.399999618530273,79.38238525390625,128.0692596435547,35.061553955078125,77.91481018066406,134.12301635742188,90.91020202636719,40.83192825317383,False,False,False
Europe,1281,6.120212585156884,51.40685026428963,206.0,83.19808959960938,94.79194641113281,17.45062255859375,128.14263916015625,73.21856689453125,79.3603744506836,40.32093048095703,False,False,False
Europe,1314,4.533070268360946,50.75409097474248,9.600000381469727,137.2783203125,229.95582580566406,36.23561096191406,131.84828186035156,179.47116088867188,142.9578399658203,71.496826171875,True,False,False
Europe,1317,-2.3333635284618173,53.133328743090665,53.0,43.86701202392578,48.856781005859375,35.061553955078125,60.0103645324707,103.30389404296875,58.21992111206055,26.766372680664062,False,False,False
Europe,1347,4.9795966604443,50.6817980196029,11.899999618530273,95.67250061035156,152.46774291992188,36.82264709472656,77.03426361083984,94.05815887451172,91.21106719970703,41.65174865722656,False,False,False
Europe,1357,4.523494221850451,50.585585848307325,29.799999237060547,81.43699645996094,252.85003662109375,167.1435089111328,182.6998291015625,111.74246978759766,159.17457580566406,66.49242401123047,True,False,False
Europe,1360,26.51675647750034,47.76666858517024,50.0,68.22879791259766,49.150291442871094,95.08546447753906,80.55644989013672,62.65200424194336,71.13459777832031,17.508020401000977,False,False,False
Europe,1377,9.556971848111885,46.94182579229301,28.899999618530273,12.167343139648438,32.71342468261719,7.471099853515625,39.75779724121094,-27.163734436035156,12.98918628692627,26.21538543701172,False,True,False
Europe,1397,7.683353801531031,46.816731134648634,351.0,138.1588592529297,112.5863265991211,92.59058380126953,118.23649597167969,81.73051452636719,108.66056060791016,22.140071868896484,False,False,False
Europe,1457,7.81866174146355,47.50597464463209,36.0,74.39262390136719,38.583740234375,47.682716369628906,56.194664001464844,53.84654235839844,54.14006423950195,13.211456298828125,False,False,False
Europe,1477,2.0237971348712724,44.76771066689803,252.0,37.40967559814453,58.542789459228516,25.08202362060547,46.80216979980469,39.75779724121094,41.51889419555664,12.32765007019043,False,False,False
Europe,1510,27.796336123603513,62.938883768120036,528.9000244140625,179.76467895507812,136.25100708007812,328.5770263671875,256.3722229003906,197.08209228515625,219.6094207763672,74.61426544189453,True,False,False
Europe,1524,4.862956118291321,50.59611980282412,10.399999618530273,296.8773498535156,321.53265380859375,134.12301635742188,147.4779815673828,315.662353515625,243.13467407226562,93.97942352294922,True,False,False
Europe,1632,19.116094527157838,47.12079852889937,8.100000381469727,18.62468719482422,33.887489318847656,9.232185363769531,35.061553955078125,4.535942077636719,20.26837158203125,13.931323051452637,False,False,False
Europe,1662,29.350830953212053,62.86390342480099,476.1000061035156,321.53265380859375,282.7886047363281,202.36537170410156,258.13330078125,230.5428466796875,259.07257080078125,46.08211898803711,True,False,False
Europe,1677,4.893382063132472,50.6465353689302,10.800000190734863,113.32011413574219,187.39608764648438,50.61787414550781,74.97966003417969,93.1776123046875,103.89826965332031,52.083290100097656,True,False,False
Europe,1716,4.892082441705142,50.65995753705081,8.300000190734863,77.62129211425781,149.8260955810547,20.972808837890625,66.1741943359375,25.669052124023438,68.05268859863281,51.94916915893555,True,False,False
Europe,1718,15.760631213647331,50.96762433846986,315.20001220703125,145.8636474609375,179.47116088867188,124.18018341064453,137.0581817626953,136.25100708007812,144.56484985351562,20.982982635498047,False,False,False
Europe,1845,7.524905947974985,47.515799088041184,102.0,94.4984359741211,131.04110717773438,70.87043762207031,35.648582458496094,66.1741943359375,79.64655303955078,35.55392074584961,False,False,False
Europe,1857,8.898548945882707,47.573200578953184,33.0,58.249271392822266,73.21856689453125,53.84654235839844,102.27659606933594,57.36872863769531,68.991943359375,20.035093307495117,False,False,False
Europe,1859,9.772889995994662,46.44039070026047,55.0,84.81242370605469,53.55302429199219,68.5223159790039,84.81242370605469,67.34825134277344,71.8096923828125,13.249143600463867,False,False,False
Europe,1935,2.516720420216898,42.149965930107356,185.0,104.40457916259766,75.2731704711914,75.86019897460938,91.71003723144531,32.71342468261719,75.9922866821289,27.05504035949707,False,False,False
Europe,1940,19.65409728387823,49.63689436900335,98.10000610351562,155.54965209960938,207.64865112304688,89.36190795898438,152.0274658203125,296.8773498535156,180.29299926757812,77.49173736572266,True,False,False
Europe,1945,15.366724550504951,50.914760104982655,336.260009765625,212.9319305419922,335.62139892578125,244.631591796875,242.87051391601562,215.28005981445312,250.26708984375,49.97457504272461,True,False,False
Europe,1958,9.377315119675652,47.56830587034402,47.0,56.194664001464844,83.49160766601562,28.017181396484375,22.733901977539062,46.21514129638672,47.33049774169922,24.317895889282227,False,False,False
Europe,1972,24.58332948794195,45.683316862324865,105.0,131.92166137695312,103.23052215576172,140.3602294921875,49.150291442871094,104.47795867919922,105.82814025878906,35.6871337890625,False,False,False
Europe,1989,20.605864388447493,48.08920326574918,83.0,73.21856689453125,58.542789459228516,90.24246215820312,50.61787414550781,64.70661926269531,67.46566009521484,15.190099716186523,False,False,False
Europe,1996,6.021755805671938,51.56018108373085,210.0,187.98312377929688,218.80224609375,218.2152099609375,180.64523315429688,263.4165954589844,213.8125,32.680545806884766,False,False,False
Europe,2040,19.295814708229745,49.64818552993385,54.79999923706055,53.55302429199219,197.08209228515625,144.98309326171875,164.20835876464844,310.9660949707031,174.15853881835938,93.19026184082031,True,False,False
Europe,2056,9.819297589566414,46.92891044649075,115.0,130.5274658203125,72.04450225830078,33.887489318847656,148.945556640625,55.020599365234375,88.08512115478516,49.48052978515625,True,False,False
Europe,2074,4.855632665918284,50.62906488161434,10.100000381469727,255.19815063476562,249.32785034179688,92.29706573486328,143.2220001220703,176.24249267578125,183.25750732421875,69.7613754272461,True,False,False
Europe,2085,4.666893239957719,50.64990615825123,11.300000190734863,198.8431854248047,171.83975219726562,45.04107666015625,91.41651916503906,131.70152282714844,127.7684097290039,61.59271240234375,True,False,False
Europe,2099,4.644324232710313,50.58691044554379,18.899999618530273,125.31755828857422,208.8227081298828,85.10594177246094,149.38583374023438,165.08889770507812,146.7441864013672,45.977230072021484,True,False,False
Europe,2144,7.898781976831103,47.43397696702873,32.20000076293945,82.0240249633789,230.5428466796875,62.65200424194336,70.28340911865234,138.1588592529297,116.73222351074219,70.1761703491211,True,False,False
Europe,2170,4.830316147039124,50.67623389078501,9.0,188.5701446533203,244.631591796875,77.32777404785156,149.38583374023438,220.56332397460938,176.09573364257812,65.76220703125,True,False,False
Europe,2187,5.973964603049052,50.76176238878319,287.0,102.57011413574219,301.5736083984375,252.26300048828125,246.3927001953125,144.2493133544922,209.4097442626953,82.70263671875,True,False,False
Europe,2193,5.024909012860777,50.665639455794405,14.300000190734863,57.95575714111328,171.83975219726562,1.6007843017578125,38.583740234375,60.0103645324707,65.99808502197266,63.64265060424805,True,False,False
Europe,2261,4.723648085888639,50.60429085564446,8.800000190734863,143.51551818847656,167.7305450439453,3.94891357421875,68.22879791259766,56.194664001464844,87.92369079589844,66.90658569335938,True,False,False
Europe,2351,5.127285644070684,51.62460058210449,281.0,110.12813568115234,82.90457153320312,81.73051452636719,107.70663452148438,97.28683471679688,95.95133972167969,13.3547945022583,False,False,False
Europe,2386,8.921829025650755,47.56548064179687,43.0,58.249271392822266,55.901145935058594,39.17076873779297,74.09910583496094,62.358489990234375,57.95576095581055,12.621164321899414,False,False,False
Europe,2396,5.2437178316591755,51.31018435979503,89.0,-48.296836853027344,83.19808959960938,148.3585205078125,124.32694244384766,196.78857421875,100.87505340576172,92.96343231201172,True,True,False
Europe,2397,5.029929943243915,50.76556597885284,10.800000190734863,82.61105346679688,145.12985229492188,19.211715698242188,61.18442916870117,65.00012969970703,74.62743377685547,45.76742935180664,True,False,False
Europe,2422,5.771675309283468,50.98604305414948,296.0,73.80558776855469,87.89433288574219,25.669052124023438,57.66223907470703,43.27998352050781,57.6622428894043,24.520402908325195,False,False,False
Europe,2476,5.025948255841782,50.650331368778645,10.800000190734863,101.54280090332031,146.59742736816406,1.0137557983398438,40.931861877441406,45.62810516357422,67.14279174804688,57.051170349121094,True,False,False
Europe,2551,4.620876912051017,50.611702331316,6.300000190734863,354.4063720703125,286.310791015625,107.92676544189453,102.27659606933594,183.286865234375,206.8414764404297,111.08951568603516,True,False,False
Europe,2651,9.379856344238918,47.55201128805402,55.0,104.03768920898438,106.31243133544922,92.29706573486328,146.15716552734375,132.58206176757812,116.27728271484375,22.26437759399414,False,False,False
Europe,2656,4.8193337775179685,50.53484048775832,9.399999618530273,106.67932891845703,157.45750427246094,57.36872863769531,74.09910583496094,111.96260070800781,101.5134506225586,38.61965560913086,False,False,False
Europe,2674,9.624415432162566,46.54839283857213,53.0,314.48828125,251.67596435546875,350.8841857910156,279.26641845703125,256.3722229003906,290.53741455078125,41.89237594604492,False,False,False
Europe,2684,5.035658105188442,50.72436342421526,11.0,185.04795837402344,186.51553344726562,10.40625,87.60082244873047,104.6980972290039,114.8537368774414,73.85420989990234,True,False,False
Europe,2749,8.729579148789643,47.64544903899858,29.600000381469727,278.0923767089844,242.87051391601562,237.58721923828125,160.9796905517578,153.6417999267578,214.6343231201172,54.65791320800781,True,False,False
Europe,2768,4.642023821234922,50.541074086130095,12.800000190734863,153.93531799316406,262.8295593261719,65.29364013671875,115.37472534179688,157.8977813720703,151.06619262695312,72.76118469238281,True,False,False
Europe,2787,8.673367196788659,46.6589733882178,25.0,47.682716369628906,103.15714263916016,46.21514129638672,114.12728118896484,55.901145935058594,73.41668701171875,32.599090576171875,False,False,False
Europe,2825,8.72577243171341,47.660466234714704,26.100000381469727,149.67935180664062,194.44046020507812,94.05815887451172,82.0240249633789,123.21708679199219,128.68382263183594,45.195980072021484,True,False,False
Europe,2878,27.31710217988204,47.41624200019039,38.0,22.733901977539062,46.80216979980469,22.146873474121094,37.9967041015625,41.518890380859375,34.239707946777344,11.219817161560059,False,False,False
Europe,2935,6.281063856501522,52.27763669707178,367.0,3.94891357421875,110.935302734375,76.74075317382812,51.20490264892578,84.37214660644531,65.4404067993164,40.43435287475586,False,False,False
Europe,2940,4.687663855986118,50.59789255174444,11.600000381469727,127.51892852783203,169.1981201171875,28.604209899902344,93.1776123046875,123.7949447631836,108.4587631225586,52.19679260253906,True,False,False
Europe,2966,4.7810259122902,50.664136473701014,9.800000190734863,240.5223846435547,252.26300048828125,46.80216979980469,107.41311645507812,137.20494079589844,156.8411407470703,88.09819030761719,True,False,False
Europe,2987,4.75898995604357,50.5552849625403,9.699999809265137,196.78857421875,271.0480041503906,64.11958312988281,99.63495635986328,159.80563354492188,158.2793426513672,81.4052963256836,True,False,False
Europe,3010,8.703163441896864,47.65474139510927,30.200000762939453,200.60427856445312,228.78176879882812,93.91140747070312,153.20152282714844,224.67254638671875,180.23431396484375,56.85280227661133,True,False,False
Europe,3018,4.6609701874662335,50.75863467812845,7.400000095367432,62.358489990234375,113.8337631225586,56.194664001464844,156.7237091064453,69.40286254882812,91.70270538330078,42.827274322509766,True,False,False
Europe,3041,4.656478962356884,50.56290440153485,10.399999618530273,34.474517822265625,86.72027587890625,14.515464782714844,39.75779724121094,53.25951385498047,45.745513916015625,26.802963256835938,False,False,False
Europe,3046,9.549090002424325,46.33494714902486,36.900001525878906,108.73393249511719,80.262939453125,95.67250061035156,109.54109954833984,61.18442916870117,91.0789794921875,20.520225524902344,False,False,False
Europe,3107,4.828250339843898,50.648565051681715,9.899999618530273,122.47871398925781,135.15032958984375,10.40625,60.89091110229492,77.91481018066406,81.36820220947266,50.123435974121094,True,False,False
Europe,3127,4.5958258583091025,50.63579176603657,12.600000381469727,160.68617248535156,200.01724243164062,50.91138458251953,164.5018768310547,159.07183837890625,147.03770446777344,56.30985641479492,True,False,False
Europe,3181,5.002813865173341,50.635261509690665,11.600000381469727,103.67079162597656,180.05819702148438,18.03765106201172,37.40967559814453,46.80216979980469,77.1957015991211,65.74190521240234,True,False,False
Europe,3293,4.594392111297821,50.60595210154437,7.699999809265137,147.771484375,210.58380126953125,53.84654235839844,88.18785095214844,80.262939453125,116.13053131103516,62.986392974853516,True,False,False
Europe,3298,4.997047272006382,50.66603042783809,10.399999618530273,88.62812805175781,152.90802001953125,8.058128356933594,36.82264709472656,56.194664001464844,68.52232360839844,55.53815460205078,True,False,False
Europe,3307,15.395517587162631,50.888047741287515,263.79998779296875,292.18109130859375,393.1504211425781,330.9251403808594,247.56675720214844,298.0514221191406,312.3749694824219,54.041290283203125,True,False,False
Europe,3314,8.756631185398156,47.12226632857255,104.0,109.100830078125,103.74417114257812,88.92163848876953,118.144775390625,83.19808959960938,100.62190246582031,14.397719383239746,False,False,False
Europe,3364,5.916680342832355,50.86674420568592,56.29999923706055,47.09568786621094,219.97628784179688,81.73051452636719,33.887489318847656,92.00355529785156,94.93870544433594,73.88111114501953,True,False,False
Europe,3420,5.37281604629525,51.597859472267814,272.0,57.07521057128906,181.2322540283203,124.91397857666016,74.97966003417969,54.14006042480469,98.4682388305664,54.26634216308594,True,False,False
Europe,3429,8.803016233410647,47.19938276533721,42.0,105.28512573242188,82.0240249633789,39.75779724121094,106.82608032226562,42.692955017089844,75.31719207763672,32.652259826660156,False,False,False
Europe,3442,4.740047162980208,50.63507594246928,8.300000190734863,123.93253326416016,188.27662658691406,26.256088256835938,109.76123809814453,160.09915161132812,121.6651382446289,61.57108688354492,True,False,False
Europe,3462,9.813358797852333,46.805486082112864,88.0,218.80224609375,195.90802001953125,167.7305450439453,239.34832763671875,124.65715026855469,189.2892608642578,44.896610260009766,True,False,False
Europe,3493,5.747529598263904,50.801411481249346,354.0,82.90457153320312,83.49160766601562,34.474517822265625,48.563262939453125,10.40625,51.968040466308594,31.60618019104004,False,False,False
Europe,3505,5.770753398305573,50.93227644882653,337.0,93.32437133789062,148.21176147460938,92.00355529785156,102.8636245727539,176.24249267578125,122.5291519165039,37.8027229309082,False,False,False
Europe,3528,4.674884932513447,50.70753143162548,10.699999809265137,149.8260955810547,258.13330078125,169.1981201171875,179.17764282226562,130.67420959472656,177.40188598632812,48.81576919555664,True,False,False
Europe,3549,4.951276188296934,50.70889795072625,14.399999618530273,133.31585693359375,212.9319305419922,50.91138458251953,118.91525268554688,169.49163818359375,137.11322021484375,60.359718322753906,True,False,False
Europe,3551,4.945432798365034,50.636144047629365,8.5,163.0343017578125,200.01724243164062,-6.617652893066406,29.778274536132812,20.972808837890625,81.43699645996094,93.27051544189453,True,True,False
Europe,3580,9.402557800099409,47.5138725595102,43.0,65.88067626953125,131.33462524414062,50.61787414550781,83.19808959960938,136.3243865966797,93.47113037109375,38.64329147338867,False,False,False
Europe,3641,8.743338970073587,47.66329617101348,23.799999237060547,195.90802001953125,188.86366271972656,78.79535675048828,93.7646484375,191.79881286621094,149.8260955810547,58.304019927978516,True,False,False
Europe,3648,24.45003649556306,45.63332744341215,214.0,78.20832824707031,213.51895141601562,238.76129150390625,169.49163818359375,320.35858154296875,204.06776428222656,89.23651885986328,True,False,False
Europe,3665,9.82803419461876,46.488422883923,17.5,96.25952911376953,71.16395568847656,60.59739685058594,112.62301635742188,66.76122283935547,81.48103332519531,22.0650634765625,False,False,False
Europe,3681,5.859212545991511,50.83353651579795,345.0,79.96942138671875,118.64008331298828,79.38238525390625,76.44723510742188,73.51207733154297,85.59024047851562,18.65408706665039,False,False,False
Europe,3741,9.576440096392888,46.96836607066478,37.900001525878906,40.344825744628906,26.843116760253906,32.71342468261719,46.21514129638672,11.580314636230469,31.53936767578125,13.367043495178223,False,False,False
Europe,3809,9.623592214295956,46.53345813100981,26.600000381469727,262.8295593261719,208.23568725585938,309.7920227050781,201.19131469726562,188.5701446533203,234.12374877929688,50.94010925292969,True,False,False
Europe,3822,39.480050524541575,44.11997175423249,240.0,68.81582641601562,45.62810516357422,36.23561096191406,42.692955017089844,38.583740234375,46.3912467956543,13.050053596496582,False,False,False
Europe,3845,9.111576115800208,46.253862178075934,114.0,87.60082244873047,92.00355529785156,60.30388259887695,73.51207733154297,69.69638061523438,76.62333679199219,13.048405647277832,False,False,False
Europe,3857,4.912726560146132,50.670053484107974,10.699999809265137,76.15371704101562,161.27320861816406,23.90796661376953,85.54621124267578,106.89945983886719,90.75611877441406,49.85558319091797,True,False,False
Europe,3863,6.422934555851972,52.07869067042945,233.0,73.51207733154297,199.43020629882812,165.08889770507812,97.87386322021484,100.95577239990234,127.37215423583984,52.639808654785156,True,False,False
Europe,3951,4.7876427176693515,52.13436620713358,439.0,127.11534118652344,77.91481018066406,32.12639617919922,133.2424774169922,116.14520263671875,97.30885314941406,42.30644989013672,True,False,False
Europe,3997,10.329818297971123,46.808659526134456,69.69999694824219,55.020599365234375,32.12639617919922,37.9967041015625,74.39262390136719,20.385780334472656,43.98441696166992,21.09394073486328,False,False,False
Europe,4008,4.707933383423897,50.786735893040365,10.0,166.26296997070312,228.19473266601562,113.35680389404297,111.88922882080078,120.74055480957031,148.08885192871094,50.029762268066406,True,False,False
Europe,4020,-5.878643225085364,35.58287171375979,40.20000076293945,7.471099853515625,19.211715698242188,34.474517822265625,8.058128356933594,7.471099853515625,15.337312698364258,11.810850143432617,False,False,False
Europe,4034,8.881140959372056,47.568684928808516,33.0,90.38922119140625,128.9864959716797,44.45404815673828,77.32777404785156,82.31754302978516,84.69501495361328,30.304386138916016,False,False,False
Europe,4060,39.2999732297813,35.90001228961644,11.600000381469727,-10.139839172363281,-1.9214019775390625,6.884063720703125,-0.7473373413085938,-13.662010192871094,-3.9173049926757812,8.129899978637695,False,True,True
Europe,4084,19.349358423232733,49.54776460091896,245.40000915527344,183.8739013671875,309.7920227050781,295.7032775878906,198.8431854248047,326.2289123535156,262.88824462890625,66.39628601074219,True,False,False
Europe,4096,9.236106483252351,47.505877962089784,35.0,88.92163848876953,126.82182312011719,74.68614196777344,69.69638061523438,86.57351684570312,89.33990478515625,22.435033798217773,False,False,False
Europe,4113,4.944203208201793,50.657750314622646,13.399999618530273,178.5906219482422,264.0036315917969,85.25270080566406,75.56668090820312,137.42507934570312,148.167724609375,76.9547348022461,True,False,False
Europe,4160,33.45003285068048,60.44997331077347,343.0,316.8363952636719,325.0548400878906,318.0104675292969,346.1879577636719,364.9729309082031,334.2125244140625,20.84414291381836,False,False,False
Europe,4167,-0.5833241282577004,51.833306858222045,63.0,93.32437133789062,117.61277770996094,108.22028350830078,101.39604949951172,106.09229278564453,105.32916259765625,8.936058044433594,False,False,False
Europe,4169,7.528516312367693,47.53393184820627,59.0,179.47116088867188,184.46092224121094,91.26976013183594,72.925048828125,201.77835083007812,145.98104858398438,59.2581901550293,True,False,False
Europe,4181,4.774285005051279,50.74428420933436,11.199999809265137,240.5223846435547,224.67254638671875,105.13836669921875,192.38583374023438,220.56332397460938,196.656494140625,54.024200439453125,True,False,False
Europe,4280,4.50515612008161,50.55983233068113,12.100000381469727,107.70663452148438,162.447265625,64.11958312988281,134.6366729736328,151.4404296875,124.07011413574219,39.355499267578125,False,False,False
Europe,4339,4.954034809723699,50.747975439601646,13.699999809265137,94.64518737792969,105.87216186523438,10.993278503417969,92.29706573486328,107.7800064086914,82.31753540039062,40.44091033935547,False,False,False
Europe,4346,-2.6616332602649795,50.92752536840938,29.0,51.79193115234375,112.32949829101562,22.146873474121094,48.563262939453125,67.05473327636719,60.37725830078125,33.23576354980469,False,False,False
Europe,4375,4.498423914891399,50.619097903115865,13.199999809265137,127.29878997802734,178.0035858154297,79.6759033203125,115.99844360351562,89.80218505859375,118.1557846069336,38.58314514160156,False,False,False
Europe,4460,9.704987334448154,46.84679077832306,86.0,91.71003723144531,132.21517944335938,60.30388259887695,146.8909454345703,148.3585205078125,115.89571380615234,38.58841323852539,False,False,False
Europe,4485,9.777581108810804,46.75101983049008,61.79999923706055,190.624755859375,192.67935180664062,210.58380126953125,212.3448944091797,146.45066833496094,190.53671264648438,26.578472137451172,False,False,False
Europe,4587,10.075466592435255,46.30294800344219,40.0,105.94554138183594,75.2731704711914,82.90457153320312,131.48138427734375,82.0240249633789,95.52574157714844,23.200956344604492,False,False,False
Europe,4609,4.972728592122531,50.75764387623654,11.5,20.972808837890625,46.21514129638672,-1.9214019775390625,31.53936767578125,17.45062255859375,22.851306915283203,17.802629470825195,False,True,False
Europe,4620,4.752944946594918,51.54221137080402,257.0,0.426727294921875,26.256088256835938,50.03083801269531,1.0137557983398438,62.06497573852539,27.958477020263672,28.006052017211914,False,False,False
Europe,4621,4.941746373613085,50.5603851101391,10.5,115.1178970336914,173.01382446289062,2.1878204345703125,44.45404815673828,62.94552230834961,79.54381561279297,66.13037109375,True,False,False
Europe,4664,9.66752816479826,46.68143057791324,73.9000015258789,93.32437133789062,157.7510223388672,169.78515625,124.74887084960938,184.7544403076172,146.07276916503906,36.851165771484375,False,False,False
Europe,4698,4.786483651006023,50.56179173435334,10.899999618530273,309.7920227050781,255.19815063476562,62.06497573852539,109.8346176147461,171.54624938964844,181.6872100830078,101.7224349975586,True,False,False
Europe,4702,4.806517191420877,50.77517743210516,10.399999618530273,46.21514129638672,105.21174621582031,16.86359405517578,30.95233154296875,45.62810516357422,48.97418212890625,33.67992401123047,False,False,False
Europe,4739,4.834414577604214,50.76313992398212,10.5,193.26638793945312,249.91488647460938,33.887489318847656,101.54280090332031,147.03770446777344,145.12985229492188,83.02915954589844,True,False,False
Europe,4768,6.3701512893091445,52.330800503181834,365.0,-51.81902313232422,148.65203857421875,245.8056640625,55.607635498046875,245.8056640625,128.81039428710938,128.2137908935547,True,True,False
Europe,4794,21.533253820981944,46.5500240653635,27.0,53.55302429199219,41.518890380859375,22.733901977539062,55.901145935058594,19.211715698242188,38.583736419677734,17.02263069152832,False,False,False
Europe,4811,4.73378025552188,50.70685009929237,10.600000381469727,137.86534118652344,187.98312377929688,43.86701202392578,77.32777404785156,93.61788940429688,108.1322250366211,56.01299285888672,True,False,False
Europe,4839,4.530311978195959,50.599796525585056,11.899999618530273,43.86701202392578,205.88755798339844,218.2152099609375,135.51722717285156,165.67593383789062,153.8325958251953,69.68318939208984,True,False,False
Europe,4843,4.810887656969531,50.58695775804788,11.899999618530273,282.7886047363281,238.17425537109375,23.32093048095703,111.15544128417969,141.31414794921875,159.35067749023438,103.20158386230469,True,False,False
Europe,4862,9.434038160937229,47.51429761222457,36.0,58.542789459228516,79.96942138671875,53.84654235839844,81.43699645996094,69.10934448242188,68.58101654052734,12.380648612976074,False,False,False
Europe,4914,9.399435785479486,46.74765494020489,61.599998474121094,62.358489990234375,123.15288543701172,152.32098388671875,132.72882080078125,117.61277770996094,117.6347885131836,33.6038703918457,False,False,False
Europe,4950,18.624837065207775,47.34241365278371,11.0,95.96601104736328,82.31754302978516,96.40628051757812,83.19808959960938,67.93528747558594,85.16463470458984,11.745935440063477,False,False,False
Europe,4994,4.83251534054627,50.74356331353244,11.899999618530273,230.5428466796875,293.35516357421875,79.96942138671875,120.61213684082031,162.74078369140625,177.44406127929688,85.44329071044922,True,False,False
Europe,5033,4.458944801839745,50.590459525662695,10.800000190734863,221.73739624023438,215.86708068847656,106.82608032226562,171.83975219726562,221.15036010742188,187.484130859375,49.65571594238281,True,False,False
Europe,5048,5.056517865055515,50.718600785109075,9.699999809265137,86.27999877929688,87.45406341552734,33.30046081542969,49.737327575683594,71.75098419189453,65.7045669555664,23.653366088867188,False,False,False
Europe,5089,16.057986042049002,50.62150214632388,164.40000915527344,38.583740234375,315.662353515625,202.36537170410156,232.303955078125,223.49847412109375,202.48277282714844,101.24658966064453,True,False,False
Europe,5095,30.32944421121409,62.28864777519766,553.5,280.44049072265625,262.2425231933594,222.9114532470703,255.19815063476562,210.58380126953125,246.27529907226562,28.816585540771484,False,False,False
Europe,5121,9.258367851979834,47.49611214843485,44.0,90.97624969482422,115.41141510009766,98.46089172363281,78.20832824707031,98.60765075683594,96.3329086303711,13.517455101013184,False,False,False
Europe,5138,-0.46223318863880974,51.31578055919478,120.0,50.03083801269531,46.80216979980469,63.82606887817383,128.91311645507812,114.31072998046875,80.7765884399414,38.17245864868164,False,False,False
Europe,5163,4.830867435808865,50.6212722537834,15.100000381469727,114.56755828857422,163.62132263183594,31.53936767578125,124.03343200683594,120.34613800048828,110.8215560913086,48.35490036010742,True,False,False
Europe,5339,2.3698256684983208,44.50871204527529,20.0,40.931861877441406,55.020599365234375,22.146873474121094,27.430145263671875,9.232185363769531,30.95233154296875,17.61092758178711,False,False,False
Europe,5362,39.2833510111638,35.89996249796302,10.0,-1.9214019775390625,3.36187744140625,10.40625,-3.6824951171875,-7.791709899902344,0.07450409233570099,7.027229309082031,False,True,False
Europe,5363,4.439157998055464,50.58557930602639,13.5,172.42678833007812,251.08892822265625,69.69638061523438,116.47540283203125,161.27320861816406,154.192138671875,67.7010269165039,True,False,False
Europe,5385,9.842958794237479,46.88806331755982,116.5,149.5325927734375,103.37727355957031,88.77488708496094,141.16738891601562,100.36874389648438,116.64418029785156,26.92876625061035,False,False,False
Europe,5389,4.980741399681105,50.65182831703832,38.20000076293945,228.78176879882812,269.8739318847656,48.856781005859375,170.6656951904297,215.28005981445312,186.691650390625,84.7989501953125,True,False,False
Europe,5395,4.820322472493305,50.69230960849529,9.199999809265137,99.48819732666016,173.89437866210938,40.344825744628906,95.67250061035156,76.15371704101562,97.11072540283203,48.90044403076172,True,False,False
Europe,5403,9.190532102205777,47.645249613886676,51.0,89.65542602539062,91.85679626464844,37.40967559814453,69.10934448242188,56.194664001464844,68.84518432617188,22.97224998474121,False,False,False
Europe,5441,7.922670393430072,47.4785649665228,68.0,292.18109130859375,209.99676513671875,138.5257568359375,310.9660949707031,82.90457153320312,206.9148406982422,97.67562103271484,True,False,False
Europe,5442,6.00436834623431,52.40525126435899,277.0,7.471099853515625,163.62132263183594,122.25857543945312,82.61105346679688,254.61111450195312,126.11463928222656,92.06222534179688,True,False,False
Europe,5511,8.681957456433741,47.65999323791838,22.0,125.72114562988281,98.46089172363281,63.53255081176758,208.23568725585938,108.07352447509766,120.80476379394531,53.87433624267578,True,False,False
Europe,5514,9.453781654422198,46.7493421789027,59.400001525878906,151.4404296875,159.80563354492188,176.82952880859375,158.04452514648438,166.55648803710938,162.5353240966797,9.633395195007324,False,False,False
Europe,5572,4.769433161857261,50.53255170462936,12.5,279.26641845703125,258.13330078125,18.03765106201172,121.78390502929688,128.0692596435547,161.05812072753906,107.79885864257812,True,False,False
Europe,5597,6.471727846724179,53.00179933708347,444.0,154.66909790039062,166.85000610351562,147.4779815673828,205.88755798339844,153.4950408935547,165.67593383789062,23.553359985351562,False,False,False
Europe,5619,5.790026838213671,50.8642660106488,242.0,84.51890563964844,82.31754302978516,39.75779724121094,33.887489318847656,6.884063720703125,49.47316360473633,33.38446807861328,False,False,False
Europe,5688,4.940240316414695,50.60277263359534,11.199999809265137,94.35167694091797,163.32781982421875,68.22879791259766,84.0786361694336,124.34529113769531,106.86643981933594,37.62369155883789,False,False,False
Europe,5748,21.116704885798168,47.31665128438054,29.799999237060547,33.30046081542969,55.020599365234375,62.06497573852539,-42.426536560058594,26.256088256835938,26.843114852905273,41.45743942260742,False,True,False
Europe,5815,5.466652675305396,49.633276843946184,50.0,68.5223159790039,99.1946792602539,92.00355529785156,54.14006042480469,20.385780334472656,66.84927368164062,31.631244659423828,False,False,False
Europe,5818,25.416648544481383,45.73325450242517,36.0,90.095703125,88.04109191894531,66.1741943359375,82.31754302978516,79.38238525390625,81.20218658447266,9.437445640563965,False,False,False
Europe,5831,8.468605155718455,47.105454707455394,86.0,180.93873596191406,155.40289306640625,152.17422485351562,224.67254638671875,164.20835876464844,175.47933959960938,29.677448272705078,False,False,False
Europe,5832,9.028946689153889,47.501798338642814,92.4000015258789,188.86366271972656,163.0343017578125,203.5394287109375,203.5394287109375,209.99676513671875,193.79470825195312,18.8609619140625,False,False,False
Europe,5887,10.434565038773375,46.60211818526014,82.9000015258789,219.38926696777344,175.65545654296875,241.10940551757812,193.85342407226562,166.26296997070312,199.2541046142578,30.950641632080078,False,False,False
Europe,5898,9.93723831040075,46.58783519408015,84.0,64.11958312988281,57.66223907470703,45.04107666015625,82.90457153320312,24.4949951171875,54.8444938659668,21.78608512878418,False,False,False
Europe,5990,4.675563407477039,50.61128823818909,9.5,225.25958251953125,130.34400939941406,19.798744201660156,61.477943420410156,60.89091110229492,99.55422973632812,80.70848083496094,True,False,False
Europe,6009,19.257527054254627,49.541785757337,390.70001220703125,251.67596435546875,271.635009765625,315.662353515625,205.30052185058594,196.49505615234375,248.1537628173828,49.056617736816406,True,False,False
Europe,6032,5.916671864002318,49.800035816662465,61.0,64.70661926269531,200.60427856445312,38.583740234375,62.358489990234375,57.36872863769531,84.72438049316406,65.58655548095703,True,False,False
Europe,6042,4.525118274867222,50.74061503630658,7.199999809265137,127.95919799804688,223.49847412109375,41.518890380859375,152.46774291992188,128.25271606445312,134.73941040039062,65.13558197021484,True,False,False
Europe,6058,9.34624469224773,46.618958636647655,140.0,26.843116760253906,49.150291442871094,26.843116760253906,56.78169250488281,36.23561096191406,39.17076873779297,13.437751770019531,False,False,False
Europe,6066,5.7930288663661145,51.79492730879413,421.0,48.269744873046875,59.129817962646484,36.23561096191406,101.2492904663086,19.211715698242188,52.819236755371094,30.864517211914062,False,False,False
Europe,6096,5.63071285530733,51.24708193927231,231.0,8.058128356933594,-47.122779846191406,65.29364013671875,30.36530303955078,28.604209899902344,17.03969955444336,41.343814849853516,False,True,False
Europe,6151,9.839127270850975,46.802240348024306,233.0,113.68701171875,69.69638061523438,52.37896728515625,147.771484375,90.24246215820312,94.75526428222656,37.46062469482422,False,False,False
Europe,6175,24.116647071048476,58.60001126473899,31.0,166.85000610351562,244.04457092285156,158.63156127929688,144.98309326171875,115.6682357788086,166.03549194335938,47.75186538696289,True,False,False
Europe,6283,-0.7500190231225252,44.74116187783187,3.700000047683716,-24.22856903076172,47.09568786621094,58.249271392822266,75.56668090820312,78.20832824707031,46.97827911376953,41.803340911865234,False,True,False
Europe,6284,5.085969506330335,50.79155889002511,9.899999618530273,232.8909912109375,274.5701904296875,97.14007568359375,132.28854370117188,141.46090698242188,175.67013549804688,74.62347412109375,True,False,False
Europe,6294,24.599940270489796,57.099956168425145,4.400000095367432,309.7920227050781,294.52923583984375,207.64865112304688,295.7032775878906,241.69644165039062,269.8739318847656,43.400604248046875,True,False,False
Europe,6325,38.70005258015615,56.89995921956678,9.0,215.28005981445312,272.2220458984375,289.8329772949219,266.93878173828125,251.67596435546875,259.19000244140625,28.0776309967041,False,False,False
Europe,6341,8.690698298867238,47.69087928135993,30.700000762939453,104.40457916259766,104.77147674560547,56.488182067871094,112.769775390625,60.0103645324707,87.68888092041016,27.110260009765625,False,False,False
Europe,6358,19.70321676507499,64.19620667084902,8.699999809265137,117.92463684082031,119.7957992553711,69.40286254882812,126.85851287841797,196.78857421875,126.1540756225586,45.603126525878906,True,False,False
Europe,6423,8.744006118336467,47.69029077520895,29.0,111.96260070800781,84.81242370605469,45.04107666015625,113.0999755859375,111.52233123779297,93.28768157958984,29.467554092407227,False,False,False
Europe,6486,8.769978721545616,47.662992761152594,34.79999923706055,84.51890563964844,87.30730438232422,92.00355529785156,103.01038360595703,141.607666015625,101.68955993652344,23.40245246887207,False,False,False
Europe,6491,31.09997406119681,58.00000469804799,450.0,109.17420959472656,112.54963684082031,166.55648803710938,117.77787780761719,176.5360107421875,136.5188446044922,32.31528091430664,False,False,False
Europe,6513,9.4416090317563,46.82984186419041,58.900001525878906,46.21514129638672,38.583740234375,30.36530303955078,69.9898910522461,51.79193115234375,47.38920211791992,14.990854263305664,False,False,False
Europe,6530,6.477023264781413,52.50066544653876,359.0,-11.313896179199219,124.23522186279297,119.2454605102539,67.64176940917969,101.2492904663086,80.21156311035156,55.76563262939453,True,True,False
Europe,6614,8.716916672489413,47.672591652461676,27.799999237060547,127.9225082397461,107.70663452148438,73.80558776855469,171.83975219726562,76.44723510742188,111.54434967041016,40.5417366027832,False,False,False
Europe,6615,-3.134633935619128,47.49866364790932,299.0,68.22879791259766,126.63838195800781,42.692955017089844,75.86019897460938,48.269744873046875,72.33802032470703,33.30139923095703,False,False,False
Europe,6620,9.167135523479125,47.65689316783146,36.0,58.8363037109375,68.5223159790039,55.314117431640625,31.53936767578125,28.604209899902344,48.563262939453125,17.590126037597656,False,False,False
Europe,6639,25.533517442684015,45.34272566389716,30.799999237060547,249.91488647460938,255.78518676757812,278.0923767089844,237.58721923828125,242.28347778320312,252.73263549804688,15.803027153015137,False,False,False
Europe,6665,21.979270098253178,47.6653426205684,7.099999904632568,29.778274536132812,43.27998352050781,58.8363037109375,32.71342468261719,28.604209899902344,38.64243698120117,12.686525344848633,False,False,False
Europe,6675,4.4763074603948905,50.56739666453462,10.600000381469727,127.55561828613281,222.9114532470703,84.0786361694336,119.97007751464844,132.21517944335938,137.34619140625,51.4367561340332,True,False,False
Europe,6686,4.868330230374158,50.777980800358804,9.699999809265137,237.0001983642578,272.2220458984375,64.11958312988281,110.56840515136719,160.68617248535156,168.91928100585938,86.25841522216797,True,False,False
Europe,6722,4.775780744225175,50.61510983788025,11.199999809265137,92.73734283447266,167.1435089111328,52.37896728515625,94.05815887451172,100.80902099609375,101.42539978027344,41.39613723754883,False,False,False
Europe,6725,9.353911358766597,47.56766064047561,63.0,93.03085327148438,118.43829345703125,73.51207733154297,104.11106872558594,119.08035278320312,101.63452911376953,19.090259552001953,False,False,False
Europe,6754,5.843308006571759,51.02488676453618,371.0,227.02066040039062,217.0411376953125,216.45411682128906,145.12985229492188,196.78857421875,200.4868621826172,32.82954025268555,False,False,False
Europe,6792,4.497081342693644,50.572347821155915,13.600000381469727,221.73739624023438,292.18109130859375,139.03941345214844,201.19131469726562,176.24249267578125,206.0783233642578,57.15585708618164,True,False,False
Europe,6841,8.36672679080754,47.04995480750123,107.0,164.79539489746094,168.02406311035156,133.75613403320312,114.56755828857422,208.8227081298828,157.9931640625,36.06850814819336,False,False,False
Europe,6843,5.870885299040215,50.94028989521058,393.0,66.76122283935547,94.79194641113281,15.102500915527344,50.03083801269531,30.36530303955078,51.410362243652344,31.14750862121582,False,False,False
Europe,6854,4.913963711001739,50.818612262988,10.399999618530273,170.07867431640625,248.15377807617188,20.385780334472656,127.40885925292969,110.56840515136719,135.31910705566406,83.40373229980469,True,False,False
Europe,6888,25.266657162360158,45.43332098150971,129.0,101.2492904663086,92.59058380126953,82.90457153320312,126.03300476074219,116.87899017333984,103.93128967285156,17.5645694732666,False,False,False
Europe,6890,21.41033595383722,48.302193265636234,14.5,54.433570861816406,23.32093048095703,33.30046081542969,46.21514129638672,26.843116760253906,36.8226432800293,13.159186363220215,False,False,False
Europe,6905,9.433582665887007,46.6303601660428,59.0,51.20490264892578,45.62810516357422,36.82264709472656,60.59739685058594,35.648582458496094,45.98032760620117,10.388540267944336,False,False,False
Europe,6914,-0.916600232701741,53.2500283535774,200.0,35.648582458496094,142.1947021484375,29.778274536132812,103.37727355957031,130.71090698242188,88.34194946289062,52.74372863769531,True,False,False
Europe,6915,4.919466826606728,50.56111432909698,11.899999618530273,243.45753479003906,261.6554870605469,152.46774291992188,237.58721923828125,299.2254638671875,238.8787078857422,53.967586517333984,True,False,False
Europe,6947,4.781372957052542,50.78536740403843,9.800000190734863,99.1946792602539,232.303955078125,41.518890380859375,83.19808959960938,103.597412109375,111.96260070800781,71.59740447998047,True,False,False
Europe,6981,9.23695019592711,47.48680048873196,49.0,142.78172302246094,121.12120819091797,66.76122283935547,144.83633422851562,92.00355529785156,113.50080871582031,33.70488739013672,False,False,False
Europe,7009,19.289136675283093,49.54221208146496,284.20001220703125,360.2767028808594,369.669189453125,341.49169921875,301.5736083984375,305.0957946777344,335.62139892578125,31.19559669494629,False,False,False
Europe,7101,5.039397478637827,50.73868852541777,11.699999809265137,57.07521057128906,161.8602294921875,8.058128356933594,102.57011413574219,111.96260070800781,88.30525207519531,58.28466033935547,True,False,False
Europe,7192,28.450053145425162,56.89999280877348,430.0,184.16741943359375,163.62132263183594,156.43020629882812,160.68617248535156,204.7135009765625,173.92373657226562,20.25054931640625,False,False,False
Europe,7209,9.675925417610493,46.662752693157174,29.200000762939453,260.4814453125,294.52923583984375,373.1913757324219,209.99676513671875,126.25314331054688,252.890380859375,92.38587951660156,True,False,False
Europe,7222,36.909971763684155,50.43998477880729,420.0,31.53936767578125,50.03083801269531,69.9898910522461,12.167343139648438,20.385780334472656,36.8226432800293,23.347858428955078,False,False,False
Europe,7236,34.033360401823515,62.30000833423124,157.10000610351562,321.53265380859375,356.7545166015625,314.48828125,308.61798095703125,386.1060791015625,337.4999084472656,32.98466873168945,False,False,False
Europe,7238,9.492276665124173,46.93636295250201,57.0,138.59913635253906,102.27659606933594,151.88070678710938,128.0692596435547,111.52233123779297,126.4696044921875,20.025802612304688,False,False,False
Europe,7261,8.677643750907441,46.97224293311831,61.0,173.89437866210938,84.51890563964844,57.07521057128906,122.57502746582031,123.29046630859375,112.27079010009766,44.27695846557617,True,False,False
Europe,7266,-4.047787920891161,52.43555524936848,28.0,71.45747375488281,67.93528747558594,62.65200424194336,69.40286254882812,60.89091110229492,66.46770477294922,4.509072780609131,False,False,False
Europe,7270,4.781556333722516,50.68562368072952,10.5,252.26300048828125,275.7442321777344,52.08544921875,87.60082244873047,138.7458953857422,161.28787231445312,99.04521942138672,True,False,False
Europe,7305,4.741374962772321,50.65951939254347,12.5,187.98312377929688,196.78857421875,33.887489318847656,54.433570861816406,115.1178970336914,117.64212799072266,74.54621124267578,True,False,False
Europe,7333,8.75620989165555,47.64514880725249,33.599998474121094,272.2220458984375,289.8329772949219,215.28005981445312,152.0274658203125,184.46092224121094,222.7646942138672,58.032615661621094,True,False,False
Europe,7375,5.671013651323774,50.823607750392576,247.0,128.10595703125,242.28347778320312,158.1912841796875,102.8636245727539,138.96603393554688,154.0820770263672,53.20469284057617,True,False,False
Europe,7409,6.108703911421388,51.58669070715753,384.0,-11.313896179199219,21.559837341308594,42.692955017089844,52.08544921875,8.645156860351562,22.73390007019043,25.58808708190918,False,True,False
Europe,7450,7.4518029483397985,46.98706611860248,17.700000762939453,56.78169250488281,57.95575714111328,30.36530303955078,96.8465576171875,6.884063720703125,49.76667404174805,33.71986770629883,False,False,False
Europe,7500,4.466037024798634,50.62319739809421,20.899999618530273,246.3927001953125,221.73739624023438,74.39262390136719,117.2825698852539,143.6622772216797,160.69351196289062,71.92552185058594,True,False,False
Europe,7516,8.711509258051105,47.686884530600864,37.099998474121094,79.0888671875,51.49842071533203,42.692955017089844,123.43722534179688,35.648582458496094,66.47321319580078,35.860687255859375,False,False,False
Europe,7539,4.707617533430366,50.67674748942616,10.899999618530273,195.61451721191406,225.25958251953125,66.46770477294922,114.16397094726562,136.61790466308594,147.62472534179688,63.555931091308594,True,False,False
Europe,7550,9.580318491016655,46.95016878398083,45.400001525878906,90.095703125,64.41310119628906,55.607635498046875,96.25952911376953,92.73734283447266,79.82266235351562,18.481863021850586,False,False,False
Europe,7574,4.9138477378657335,50.774094756554796,11.399999618530273,259.307373046875,303.9217224121094,128.6929931640625,131.9950408935547,197.08209228515625,204.19985961914062,77.37372589111328,True,False,False
Europe,7646,16.845924417272293,50.22843483581092,413.8999938964844,241.69644165039062,266.93878173828125,225.84661865234375,202.952392578125,352.0582580566406,257.89849853515625,57.568851470947266,True,False,False
Europe,7730,31.200067887538488,54.500045312864664,84.0,99.928466796875,103.15714263916016,82.61105346679688,102.57011413574219,77.62129211425781,93.1776123046875,12.11440658569336,False,False,False
Europe,7846,5.7497550419291015,50.81754978884052,275.0,137.79196166992188,153.4950408935547,92.4438247680664,96.69979858398438,55.901145935058594,107.26634216308594,38.8543701171875,False,False,False
Europe,7868,8.91986039312691,47.548743215752964,32.0,150.11961364746094,194.14694213867188,99.7817153930664,185.04795837402344,217.628173828125,169.34487915039062,45.830257415771484,True,False,False
Europe,7883,4.777629504379619,50.634148753462874,9.800000190734863,143.95579528808594,174.4813995361328,38.583740234375,128.61961364746094,144.6895751953125,126.06602478027344,51.649295806884766,True,False,False
Europe,7887,-0.9165993478223319,53.33328204106882,44.0,73.21856689453125,120.8643798828125,42.105918884277344,81.14347839355469,136.4711456298828,90.76069641113281,37.95780944824219,False,False,False
Europe,7895,6.753699345947865,52.39892048659033,280.0,93.91140747070312,97.72710418701172,107.11959838867188,85.25270080566406,90.68273162841797,94.93870544433594,8.202692985534668,False,False,False
Europe,7899,27.600062350438268,45.41672435922146,26.0,16.27655792236328,19.211715698242188,19.798744201660156,30.36530303955078,22.733901977539062,21.677244186401367,5.370612144470215,False,False,False
